detid,flow,city
BP2_D1,79.48178137651821,frankfurt
BP2_D2,138.1090909090909,frankfurt
BP2_D3,134.05714285714285,frankfurt
BP4_D1(1),309.1666666666667,frankfurt
BP4_D10(3),105.63706563706563,frankfurt
BP4_D2(1),370.57839721254356,frankfurt
BP4_D3(2),41.11210762331839,frankfurt
BP4_D4(2),89.4296577946768,frankfurt
BP4_D5(2),78.13533834586467,frankfurt
BP4_D6(4),66.89763779527559,frankfurt
BP4_D8(3),183.06474820143885,frankfurt
BP4_D9(3),194.29787234042553,frankfurt
FA6_D10,427.2167832167832,frankfurt
FA6_D11,217.81132075471697,frankfurt
FA6_D14,137.90551181102362,frankfurt
FA6_D15,192.0,frankfurt
FA6_D16,171.5909090909091,frankfurt
FA6_D17,409.0,frankfurt
FA6_D18,406.1666666666667,frankfurt
FA6_D19,256.90140845070425,frankfurt
FA6_D2,67.5,frankfurt
FA6_D24,408.375,frankfurt
FA6_D25,405.4583333333333,frankfurt
FA6_D27,407.8315789473684,frankfurt
FA6_D28,406.65263157894736,frankfurt
FA6_D29,412.625,frankfurt
FA6_D3,120.51985559566786,frankfurt
FA6_D30,409.875,frankfurt
FA6_D31,408.7108013937282,frankfurt
FA6_D32,406.4055944055944,frankfurt
FA6_D33,510.7916666666667,frankfurt
FA6_D34,501.75,frankfurt
FA6_D35,547.5833333333334,frankfurt
FA6_D36,550.7083333333334,frankfurt
FA6_D37,307.36170212765956,frankfurt
FA6_D38,307.1063829787234,frankfurt
FA6_D4,103.17131474103586,frankfurt
FA6_D5,83.27125506072875,frankfurt
FA6_D6,181.59139784946237,frankfurt
FA6_D7,123.05703422053232,frankfurt
FA6_D8,401.3286713286713,frankfurt
FA6_D9,571.125,frankfurt
G3_D1(KFZ1),306.7972027972028,frankfurt
G3_D2(KFZ1),254.67595818815332,frankfurt
G3_D3(KFZ2),44.883116883116884,frankfurt
G3_D4(KFZ2),56.557377049180324,frankfurt
G3_D5(KFZ3),42.61538461538461,frankfurt
HB1_D1,64.1470588235294,frankfurt
HB1_D13,266.4842105263158,frankfurt
HB1_D14,427.8333333333333,frankfurt
HB1_D15,247.5,frankfurt
HB1_D16,311.9583333333333,frankfurt
HB1_D17,79.10204081632654,frankfurt
HB1_D2,149.10104529616726,frankfurt
HB1_D3,114.58741258741259,frankfurt
HB1_D4,107.02127659574468,frankfurt
HB1_D5,220.75,frankfurt
HB1_D6,93.60885608856088,frankfurt
HB1_D7,59.900826446280995,frankfurt
HB1_D8,48.77272727272727,frankfurt
HB4_D1(KFZ4),105.76842105263158,frankfurt
HB4_D2(KFZ4),94.71586715867159,frankfurt
MUE3_D2(KFZ),57.38931297709924,frankfurt
MUE3_D3(KFZ),32.25806451612903,frankfurt
PR1_D1,115.23344947735191,frankfurt
PR1_D10,308.07042253521126,frankfurt
PR1_D11,272.5296167247387,frankfurt
PR1_D2,214.125,frankfurt
PR1_D3,169.2,frankfurt
PR1_D4,410.0833333333333,frankfurt
PR1_D5,389.625,frankfurt
PR1_D6,293.81184668989545,frankfurt
PR1_D7,268.6993006993007,frankfurt
PR1_D8,376.7247386759582,frankfurt
PR1_D9,495.7083333333333,frankfurt
PR3_D1(KFZ1),505.125,frankfurt
PR3_D2(KFZ1),438.2083333333333,frankfurt
PR3_D3(KFZ2),84.0,frankfurt
SD_D1(KFZ1),206.47970479704796,frankfurt
SD_D2(KFZ2),130.27338129496403,frankfurt
SD_D3(KFZ3),188.4,frankfurt
SHO_D1(KFZ1),191.64312267657994,frankfurt
SHO_D2(KFZ4),144.6451612903226,frankfurt
STA1_D1(KFZ4),514.0,frankfurt
STA1_D2(KFZ4),576.7083333333334,frankfurt
STA1_D8(KFZ5),99.79411764705883,frankfurt
STA1_D9(KFZ5),99.85559566787003,frankfurt
STA2_D2(KFZ4),161.12455516014234,frankfurt
STA2_D3(KFZ4),131.33596837944663,frankfurt
STA2_D4(KFZ4),70.7949790794979,frankfurt
STA2_D5(KFZ3),130.4470588235294,frankfurt
STA2_D6(KFZ3),288.93950177935943,frankfurt
STA2_D7(KFZ3),327.7083333333333,frankfurt
STA2_D8(KFZ3),113.25301204819277,frankfurt
STA4_D1(KFZ1),184.13937282229966,frankfurt
STA4_D1a(KFZ1),160.64788732394365,frankfurt
STA4_D2(KFZ2),203.03496503496504,frankfurt
STA4_D2a(KFZ2),207.87234042553192,frankfurt
STA4_D4(KFZ4),147.1267605633803,frankfurt
STA4_D4a(KFZ4),104.94296577946768,frankfurt
STA4_D6(KFZ6),186.53763440860214,frankfurt
STA4_D6a(KFZ6),142.8,frankfurt
STA4_D8(KFZ8),203.42435424354244,frankfurt
STA4_D8a(KFZ8),241.06273062730628,frankfurt
STA4_D9(KFZ9),182.98932384341637,frankfurt
STA4_D9a(KFZ9),382.30388692579504,frankfurt
T1_D1,57.92805755395683,frankfurt
T1_D2,60.1294964028777,frankfurt
T1_D3,81.25190839694656,frankfurt
T1_D4,177.875,frankfurt
WL2_D1(KFZ1),37.92,frankfurt
WL2_D2(KFZ3),102.20224719101124,frankfurt
K105D2.1,93.19595862785033,hamburg
K105D2.2,50.589033984265804,hamburg
K1060D1.1,184.24077917930705,hamburg
K1060D1.2,201.97309596040236,hamburg
K1060D2.3,185.56761935174836,hamburg
K1060D2.4,220.86300494970462,hamburg
K1088D3.1,166.67025862068965,hamburg
K1088D3.2,142.02705938697318,hamburg
K113D1.1,99.84354732493864,hamburg
K113D2.2,48.92458741593662,hamburg
K113D2.3,52.44996108638822,hamburg
K113D2.4,69.74436750414081,hamburg
K113D2.5,48.13593821715791,hamburg
K113D3.6,29.97266069326096,hamburg
K113D3.7,109.52964418989842,hamburg
K1147D1.1,41.366370266759915,hamburg
K1147D2.1,51.95923668698172,hamburg
K1147D2.2,19.98201618543311,hamburg
K1147D2.3,59.9308622239984,hamburg
K1147D2.4,26.97252472774503,hamburg
K1147D3.1,48.64222200019982,hamburg
K1147D3.2,62.483364971525624,hamburg
K1147D4.1,58.81226895793785,hamburg
K1147D4.2,52.31411729443501,hamburg
K118D5.10,12.988168094655244,hamburg
K118D5.9,114.17054263565892,hamburg
K118D7.7,117.80252957976336,hamburg
K118D7.8,127.81476948184415,hamburg
K118D8.4,86.65769073847409,hamburg
K118D8.5,79.47123623011016,hamburg
K118D9.6,119.70053039575683,hamburg
K1224D1.7,113.98985951622277,hamburg
K1224D1.8,179.01641315457223,hamburg
K1224D2.10,154.24477444437764,hamburg
K1224D2.9,101.77318182729113,hamburg
K1225D1.1,164.63912374327916,hamburg
K1225D1.2,224.47962263396695,hamburg
K1225D1.3,68.53191021566629,hamburg
K1225D1.4,60.4397273690312,hamburg
K1225D3.1,65.27592892406707,hamburg
K1225D3.2,140.48769762747096,hamburg
K1225D3.3,77.93248186124603,hamburg
K1225D3.4,151.2518238692011,hamburg
K1225D3.5,231.5088645040075,hamburg
K1225D4.1,207.83714097259698,hamburg
K1225D4.2,213.74987507745197,hamburg
K131D2.3,134.51540045171993,hamburg
K131D2.4,93.66792588595071,hamburg
K131D6.1,358.03082089104754,hamburg
K131D6.2,376.1084127840739,hamburg
K135D1.1,254.79523276275796,hamburg
K135D1.2,330.8182690769477,hamburg
K135D1.3,311.3233882578787,hamburg
K135D2.4,185.13517837146057,hamburg
K135D2.5,352.51799712046073,hamburg
K135D2.6,339.22292433210686,hamburg
K135D3.7,220.0991841305391,hamburg
K148D3.5,134.0002933841866,hamburg
K1556D11.6,31.754704555885933,hamburg
K1556D3.1,139.14270319889846,hamburg
K1556D4.2,50.132705394025265,hamburg
K1556D9.3,401.83512602023507,hamburg
K1556D9.4,401.48430484324797,hamburg
K1556D9.5,198.96988685119035,hamburg
K15D1.1,338.768561392304,hamburg
K15D2.2,237.07568258023312,hamburg
K162D1_1,107.78989578513671,hamburg
K162D2_2,60.78039967391544,hamburg
K162D2_3,63.030823804173004,hamburg
K162D4_4,74.97829775045717,hamburg
K162D4_5,108.39315222420517,hamburg
K162D5_6,38.16555401326371,hamburg
K162D5_7,66.60497499283936,hamburg
K165D1.1,80.96270131114171,hamburg
K165D1.2,113.45666447145223,hamburg
K165D1.3,126.06437965235786,hamburg
K165D2.4,154.2122173661418,hamburg
K165D2.5,139.63280049492107,hamburg
K1702D1.1,165.20158071211878,hamburg
K1702D1.2,251.14002874022034,hamburg
K1798D1.1,226.20535268133756,hamburg
K1798D1.2,183.0613019927645,hamburg
K1798D1.3,92.91039555475605,hamburg
K1798D3.1,136.16078031620395,hamburg
K1798D3.2,227.84873378505327,hamburg
K1798D3.3,80.75912933980932,hamburg
K1798D3.4,94.39187703623753,hamburg
K1798D3.5,62.39691391337371,hamburg
K1798D4.1,102.02034738462153,hamburg
K1798D5.1,78.02042733505226,hamburg
K1798D7.1,44.0414942735504,hamburg
K1798D7.2,394.9967020447323,hamburg
K1798D8.1,193.47364633926966,hamburg
K1798D8.2,311.4956726829366,hamburg
K1840D1.2,52.00654546905869,hamburg
K1840D3.3,54.12584063379298,hamburg
K1848D1.1,106.10729682260897,hamburg
K1848D1.2,320.64346159987224,hamburg
K1848D2.4,386.07895577199423,hamburg
K1910D1_1,214.6409247908639,hamburg
K1910D2_2,136.481322498852,hamburg
K1923D1_1,148.87345586621166,hamburg
K1923D1_2,288.0895647488475,hamburg
K1923D2_3,267.9370971282604,hamburg
K1932D6.2,72.48472749051707,hamburg
K1940D1.1,96.73245395222605,hamburg
K1940D1.2,93.4066372652711,hamburg
K1940D10.11,156.36486998862526,hamburg
K1940D11.12,139.3662070204147,hamburg
K1940D3.3,67.15052583265151,hamburg
K1940D4.14,167.00205543693002,hamburg
K1940D4.4,80.79104388258067,hamburg
K1940D4.5,78.91560735167927,hamburg
K1940D5.6,93.17594939234898,hamburg
K1940D5.7,66.61890602861646,hamburg
K197D3.1,61.9704256550458,hamburg
K197D4.2,198.0774680209934,hamburg
K197D4.3,172.6463251581489,hamburg
K1995D1.1,32.35869391665336,hamburg
K1995D1.2,183.6204694235989,hamburg
K1995D2.3,165.36484113044867,hamburg
K2055D3,50.95695212245794,hamburg
K2055D4.1,55.45173329075778,hamburg
K2055D4.2,94.72049813399326,hamburg
K2078D1.1,162.5487495758737,hamburg
K2078D3.5,130.14709698022074,hamburg
K2078D3.6,74.00634692533382,hamburg
K2097D1.1,182.95106179147373,hamburg
K2097D3.7,165.72928309117037,hamburg
K2150D1.3,292.640338448644,hamburg
K2150D1.4,292.7999840354413,hamburg
K2150D1.5,258.1497076490192,hamburg
K2150D2.6,569.91039891441,hamburg
K2150D2.7,577.5011474526551,hamburg
K225D1_1,181.08211711621777,hamburg
K2349D1.1,122.61411873579173,hamburg
K2349D1.2,138.6412376526445,hamburg
K2349D1.3,94.17748003299334,hamburg
K2349D1.4,80.71498984046512,hamburg
K2349D2.5,74.37423300541171,hamburg
K2349D2.6,52.24696722795582,hamburg
K2349D2.7,74.50258514897298,hamburg
K2349D2.8,60.2542901402217,hamburg
K2349D4.10,134.17023759229082,hamburg
K2349D4.9,114.04550666908081,hamburg
K2403D2.4,116.96369768694993,hamburg
K2403D2.5,112.063384357475,hamburg
K2403D3.12,67.36583710858763,hamburg
K2403D3.13,46.67571397209971,hamburg
K2403D3.14,38.0278204642066,hamburg
K2403D4.18,44.359869878460096,hamburg
K2403D4.19,24.25289879657533,hamburg
K2403D4.20,15.411020416309098,hamburg
K2403D4.21,43.939968467479595,hamburg
K2403D4.22,14.249506057037939,hamburg
K2403D5.6,30.54862594048736,hamburg
K2403D5.7,40.18400622667492,hamburg
K2403D5.8,61.45408825114256,hamburg
K2403D6.10,70.32470513101961,hamburg
K2403D6.11,51.40000399145828,hamburg
K2403D6.9,44.032969445386875,hamburg
K2403V1.1,65.48665855070149,hamburg
K2403V1.2,156.62322629572714,hamburg
K2403V1.3,172.5004490390564,hamburg
K2403V3.15,35.6824395793003,hamburg
K2403V3.16,19.85550921028998,hamburg
K2403V3.17,47.10479573712256,hamburg
K2412D1.1,76.73245395222605,hamburg
K2412D2.3,70.75731875236974,hamburg
K2422D1.1,145.70219729778273,hamburg
K2422D1.2,101.24054523320095,hamburg
K2422D2.3,71.83347636058834,hamburg
K2422D2.4,120.27062087133534,hamburg
K2429D1.1,165.89268253746533,hamburg
K2429D1.2,163.8089916788059,hamburg
K2429D2.3,96.28399816414903,hamburg
K2429D2.4,186.81300261409214,hamburg
K2501D1.1,210.84073357147133,hamburg
K2501D1.2,211.01833928678334,hamburg
K2501D2.5,220.3496238350861,hamburg
K2501D2.6,183.35575023447944,hamburg
K257D1.1,95.33745759329476,hamburg
K257D1.2,133.03651965675513,hamburg
K257D1.3,169.39054081021752,hamburg
K257D2.4,56.34643783675913,hamburg
K257D2.5,51.45679505088805,hamburg
K257D3.6,221.18858511275195,hamburg
K257D3.7,110.32288964278587,hamburg
K257D31.20,229.8678906405907,hamburg
K257D32.19,122.62502494512073,hamburg
K257D33.21,79.01536619437238,hamburg
K257D35.17,53.08162043504291,hamburg
K257D35.18,63.748952304929155,hamburg
K257D4.8,103.46956695270406,hamburg
K257D4.9,99.78367591299141,hamburg
K257D5.10,273.1857912592297,hamburg
K257D5.11,226.5340251446817,hamburg
K257D6.12,38.623029335461986,hamburg
K257D6.13,38.01676312113351,hamburg
K257D7.14,220.10377170225505,hamburg
K257D7.15,216.99900219517062,hamburg
K257D8.16,66.8014368389543,hamburg
K257D9.22,107.43045300339254,hamburg
K265D1.1,167.5395178029698,hamburg
K265D1.2,253.03408909468305,hamburg
K265D2.3,197.7897972217787,hamburg
K265D2.4,215.43110330512533,hamburg
K265D3.6,166.62022992176273,hamburg
K265D3.7,171.5982755867795,hamburg
K265D4.10,162.1603065623503,hamburg
K265D4.9,161.1915216349992,hamburg
K265D5.11,34.939725371227844,hamburg
K265D5.13,151.9140188408111,hamburg
K266D7.1,251.54744554692647,hamburg
K266D7.2,241.13038790952106,hamburg
K266D7.3,281.0892611152149,hamburg
K266D7.4,248.99678572141588,hamburg
K271D4.5,195.85560056674183,hamburg
K271D4.6,184.67122986968928,hamburg
K271D4.7,151.1688052523398,hamburg
K271PIR2.3,231.69922771447386,hamburg
K279D1.1,309.25717478944637,hamburg
K279D1.2,273.48341515986107,hamburg
K279D12.8,145.83243523729692,hamburg
K279D12.9,164.59306270706102,hamburg
K279D13.10,286.44234223446296,hamburg
K279D2.3,139.6192072805652,hamburg
K279D2.4,162.24204686065542,hamburg
K279D3.5,214.44417834191515,hamburg
K279D4.6,258.6700195585359,hamburg
K279D4.7,273.90731648904324,hamburg
K301D1_1,169.01391578653144,hamburg
K301D2_2,136.60470780841337,hamburg
K306D1.1,154.07439929751737,hamburg
K306D2.2,165.91881535882493,hamburg
K313D1.1,132.29340946752652,hamburg
K313D2.3,154.4536506478727,hamburg
K313D4.7,59.042865414179325,hamburg
K315D1.1,156.44659109053168,hamburg
K315D1.2,155.86619830752036,hamburg
K315D3.5,39.10186811432221,hamburg
K328D1.1,173.08539658080502,hamburg
K328D2.3,60.74630906024197,hamburg
K328D4.7,70.64823105595235,hamburg
K338D14.10,91.6692300009987,hamburg
K338D2.3,129.94467192649554,hamburg
K338D3.4,24.115050434435233,hamburg
K338D3.5,35.12473784080695,hamburg
K338D3.6,37.62428842504744,hamburg
K338D3.7,24.434634974533108,hamburg
K338D3.8,38.53790072905223,hamburg
K338D3.9,45.009887146709275,hamburg
K338PIR1.1,110.04094676920003,hamburg
K338PIR1.2,96.09787276540497,hamburg
K34D3.1,89.98582523108867,hamburg
K34D3.2,85.95380223202699,hamburg
K34D4.3,97.5966779133143,hamburg
K34D4.4,96.2175327916309,hamburg
K35D3.1,62.6504869870669,hamburg
K362D3.1,52.81065325027951,hamburg
K362D3.2,53.8923494649417,hamburg
K36D1.1,201.17118735405066,hamburg
K36D1.2,249.7275612238788,hamburg
K36D2.3,223.10560245893458,hamburg
K36D2.4,258.52743348701676,hamburg
K36D3.5,30.857234097758617,hamburg
K36D3.6,60.87859010438497,hamburg
K36D3.7,25.60684988922819,hamburg
K36D3.8,87.01794303734307,hamburg
K36D3.9,60.858631219687446,hamburg
K36D4.10,128.28333632716604,hamburg
K36D4.11,204.48715645769715,hamburg
K36D4.19,86.11260802746342,hamburg
K36D5.12,285.6040556453705,hamburg
K36D5.13,95.26056323972617,hamburg
K36D5.20,141.40111370576614,hamburg
K419D1.2,27.251417618401085,hamburg
K419D2.1,41.9291590128584,hamburg
K485D1.1,16.607771026543013,hamburg
K485D1.2,168.05884234090183,hamburg
K485D1.3,120.69875279820914,hamburg
K485D3.11,133.84393987847778,hamburg
K485D3.12,165.6527822193796,hamburg
K485D4.13,127.76023345059163,hamburg
K485D4.14,258.6496642149025,hamburg
K485D6.6,46.503837543971855,hamburg
K485D7.10,99.91605372561561,hamburg
K485D7.7,108.21114486728494,hamburg
K485D7.8,127.9960825071954,hamburg
K485D7.9,122.43883914294851,hamburg
K487D1.1,245.429531274996,hamburg
K487D2.2,298.32706766917295,hamburg
K487D3.3,232.3684210526316,hamburg
K487D4.4,287.82994720844664,hamburg
K50D1.1,48.43784244490442,hamburg
K50D1.2,47.22026056252283,hamburg
K50D2.3,83.06587117983685,hamburg
K50D2.4,78.44149519055156,hamburg
K50D3.5,56.364300499208575,hamburg
K50D3.6,40.0462681115305,hamburg
K50D4.7,63.1218799464264,hamburg
K532D15.5,30.222124653242062,hamburg
K537D1.1,226.85073166836358,hamburg
K537D1.2,142.9362560140544,hamburg
K537D2.3,139.657024215927,hamburg
K537D3.4,77.81557565231279,hamburg
K537D3.5,59.44700644826416,hamburg
K537D4.6,139.51608073306582,hamburg
K537D4.7,33.42037491764988,hamburg
K537D5.8,32.137110458964685,hamburg
K537D6.9,141.68852688107643,hamburg
K537D7.10,44.21193427961111,hamburg
K537D7.11,26.64510590724881,hamburg
K560D1.1,101.6263894154976,hamburg
K560D1.2,211.57989263834287,hamburg
K560D12.17,151.30769691285346,hamburg
K560D3.4,68.23332202510427,hamburg
K560D3.5,67.58396360080621,hamburg
K560D4.6,43.93725928438866,hamburg
K560D4.7,82.33361936500968,hamburg
K560D4.8,43.645906088483564,hamburg
K560D4.9,95.75981321466345,hamburg
K560D6.12,184.6101654327393,hamburg
K560D6.18,205.62750693460518,hamburg
K560D6.19,176.21480313703577,hamburg
K560D8.14,123.66825647063519,hamburg
K560D8.15,130.58929177226557,hamburg
K57D1.5,102.62483534905999,hamburg
K57D1.6,106.11543527721231,hamburg
K57D2.7,100.04191114836547,hamburg
K57D3.8,102.11152357003154,hamburg
K57D3.9,103.55366622759749,hamburg
K57D5.10,117.68889953299006,hamburg
K57D5.11,161.5028140342474,hamburg
K587D1.1,219.99680057589634,hamburg
K587D2.2,234.37621228178926,hamburg
K587D3.4,57.864784338819014,hamburg
K61D3.3,183.7969932317767,hamburg
K61D5.1,109.37568630582786,hamburg
K716D1.1,359.2775027941881,hamburg
K716D3.2,157.35709723774548,hamburg
K716D3.3,230.995130129331,hamburg
K723D1.1,34.81978474011063,hamburg
K723D1.2,198.56426845583977,hamburg
K723D3.5,80.69929511372032,hamburg
K723D3.6,81.28037700433315,hamburg
K773D1.1,175.36603863962958,hamburg
K773D2.2,84.5808717866837,hamburg
K773D3.3,15.680185214753314,hamburg
K773D4.4,44.93892703177391,hamburg
K773D4.5,39.27470860609932,hamburg
K774D1.5,182.24767987226824,hamburg
K774D1.6,197.5323819978046,hamburg
K774D2.3,190.0301367129029,hamburg
K774D2.4,242.051292286199,hamburg
K775D1.6,246.12780904482497,hamburg
K775D2.3,36.41320400750409,hamburg
K775D3.5,236.5241687622241,hamburg
K775D4.1,56.81275695525486,hamburg
K775D4.2,86.23597972298727,hamburg
K77D2.3,242.58700510855684,hamburg
K77D2.4,217.01787994891444,hamburg
K77D8.1,76.06162196679438,hamburg
K77D8.2,71.93446679438058,hamburg
K810D4.1,95.98970183211591,hamburg
K810D4.2,121.11802977687303,hamburg
K813D1.2,385.4726149293127,hamburg
K813D1.3,364.82633126037314,hamburg
K813D2.4,148.84320822251993,hamburg
K813D2.5,309.9358115539203,hamburg
K813D3.6,223.32140214761344,hamburg
K813D3.7,286.9351516726989,hamburg
K813D3.8,306.1276970145374,hamburg
K813D4.10,208.79201743686136,hamburg
K813D4.9,84.64196444639965,hamburg
K813D6.11,114.47539442900278,hamburg
K813D6.12,205.1026815173269,hamburg
K813D6.13,613.3731928252914,hamburg
K813D6.14,70.74486592413366,hamburg
K813D8.15,188.22611929852627,hamburg
K813D8.16,99.12935671579116,hamburg
K813D8.17,250.41012617728808,hamburg
K813D9.18,96.8985582595133,hamburg
K813D9.19,66.13249615069287,hamburg
K813D9.20,204.4440000799856,hamburg
K813D9.21,323.8413085644584,hamburg
K82D1.1,164.38246216507608,hamburg
K82D2.2,161.90711975402309,hamburg
K82D2.3,92.34636425348401,hamburg
K84D1_5,59.86470036518928,hamburg
K84D1_6,139.14230408493145,hamburg
K84D3_1,110.15306020634192,hamburg
K84D3_2,122.71477320348825,hamburg
K84D7_7,189.80623016902476,hamburg
K889D1.1,274.0357542793153,hamburg
K889D1.2,241.42177251639737,hamburg
K889D2.3,248.0575107982723,hamburg
K889D2.4,302.0724684050552,hamburg
K88D1.1,289.4252231028769,hamburg
K88D1.2,383.98171255165806,hamburg
K88D1.3,242.90682584998703,hamburg
K88D2.7,60.91437241709757,hamburg
K88D2.8,105.98814110882628,hamburg
K88D3.4,262.49915151031166,hamburg
K88D3.5,283.8020323823594,hamburg
K88D3.6,267.2854319311625,hamburg
K91D1_2,36.8130749735587,hamburg
K91D2_3,56.247929596296224,hamburg
K91D4_4,123.58763544930255,hamburg
K91D4_5,68.8966494382471,hamburg
K942D2.1,173.52639629583695,hamburg
K98D1.1,86.44315392444472,hamburg
K98D1.2,58.6018479714223,hamburg
K98D2.3,153.98830549402302,hamburg
K98D3.4,98.8612824043585,hamburg
K98D4.5,80.55878185555488,hamburg
K98D4.6,65.03981320720828,hamburg
K98D4.7,111.90524656249376,hamburg
4000011,243.82582994579934,munich
4000012,217.7396849593498,munich
4000013,216.5275382307397,munich
4000014,187.267433701123,munich
4001011,208.21903310104534,munich
4001012,272.8076824428953,munich
4001013,215.39428474641892,munich
4001014,289.381796844754,munich
4003011,618.9102472899732,munich
4003012,672.4144139566398,munich
4003013,573.4452985869142,munich
4003014,587.0728392373214,munich
4004011,557.0790940766549,munich
4004014,544.8391133130078,munich
4005011,413.79504452187376,munich
4005012,566.7719802555168,munich
4005013,425.233096205962,munich
4005014,98.66593834688352,munich
4005015,453.8040722996516,munich
4005016,355.6749661246613,munich
4006011,267.25022623886946,munich
4006012,321.81786924119245,munich
4006013,260.1702030100657,munich
4006014,309.36750145180036,munich
4007011,249.0216076267905,munich
4007012,320.739934185056,munich
4007013,194.01942992644211,munich
4007014,267.19010114208294,munich
4007015,267.19010114208294,munich
4009011,415.00712108013926,munich
4009012,266.4968060394889,munich
4009013,363.1081663763065,munich
4009014,255.7822759388309,munich
4010011,319.5416666666667,munich
4010012,439.8333333333333,munich
4010013,569.0416666666666,munich
4010014,478.0416666666667,munich
4010021,335.8333333333333,munich
4010022,576.25,munich
4010023,558.4166666666666,munich
4010024,575.7083333333334,munich
4012011,347.6004813762625,munich
4012012,724.9658939151127,munich
4012013,637.8115949155011,munich
4012014,375.71698171620034,munich
4012015,801.4970297931238,munich
4012016,526.9697916666669,munich
4013011,202.4693315365191,munich
4013012,362.77597125097117,munich
4013013,658.9128878933572,munich
4013014,619.4125261023695,munich
4013015,360.81691251456886,munich
4013016,588.7594866938615,munich
4013017,509.8987944347321,munich
4014011,292.1648625679875,munich
4014012,661.5549746260684,munich
4014013,644.9406680992619,munich
4014014,290.0180403797589,munich
4014015,548.88107335373,munich
4014016,562.3084280303028,munich
4019011,113.34934245547811,munich
4019012,99.91459664150207,munich
4019013,150.64544497677107,munich
4020011,225.34518002322898,munich
4020012,236.17831978319782,munich
4020013,197.3897406116922,munich
4020014,189.18927603561787,munich
4022011,149.06463414634152,munich
4022012,97.9780681378242,munich
4022013,30.59861595044522,munich
4022014,106.69830623306238,munich
4023011,172.08068137824267,munich
4023012,176.12082849399948,munich
4023013,140.2619434765778,munich
4023014,170.6935733643053,munich
4024011,211.62170199380571,munich
4024012,226.06100948509493,munich
4024013,216.10117353852107,munich
4024014,215.7832026713124,munich
4025011,292.95125655594387,munich
4025012,304.65341151903647,munich
4027011,619.0913085559431,munich
4027012,504.5403509727065,munich
4027013,665.8759013259775,munich
4027014,415.93999407181576,munich
4033011,142.7051611498259,munich
4033012,178.37959010840135,munich
4035011,825.7421602787457,munich
4035012,558.3135888501743,munich
4035013,877.170731707317,munich
4036011,387.30313588850174,munich
4037011,915.8466898954704,munich
4037012,421.8397212543554,munich
4037013,427.609756097561,munich
4038011,976.5156794425087,munich
4038012,889.0871080139373,munich
4039011,417.1567944250871,munich
4041011,515.5818815331011,munich
4041012,901.4216027874564,munich
4041013,833.3101045296168,munich
4044011,61.05119954994188,munich
4044012,146.02724061169184,munich
4097011,313.75474213286725,munich
4097012,639.5567526223776,munich
4097013,560.6329982517482,munich
4097021,319.5815007041565,munich
4097022,697.2357808857815,munich
4097023,537.7502482760293,munich
4099011,219.59764808362365,munich
4099012,308.9898011033681,munich
4099013,240.00937620983368,munich
4100011,653.7916666666666,munich
4100012,593.5,munich
4100021,547.4583333333334,munich
4100022,617.7083333333334,munich
4100031,411.5416666666667,munich
4100032,143.08333333333334,munich
4101011,696.3333333333334,munich
4101012,594.125,munich
4102011,244.20833333333334,munich
4102012,757.7083333333334,munich
4102013,623.7083333333334,munich
4102021,1034.4583333333333,munich
4102022,807.9166666666666,munich
4103011,95.75,munich
4103012,949.4166666666666,munich
4103013,758.0416666666666,munich
4104011,591.7083333333334,munich
4104012,610.0416666666666,munich
4105011,691.2083333333334,munich
4105012,778.625,munich
4106011,391.8333333333333,munich
4106021,445.2083333333333,munich
4107011,428.33092334494785,munich
4107012,347.42349496709244,munich
4107013,355.8223758710803,munich
4107014,325.3731005613628,munich
4108011,114.4138283972126,munich
4108012,71.4525043554007,munich
4108021,134.5247362562912,munich
4108022,87.2455163569493,munich
4109011,246.0845200806138,munich
4109012,243.81564867424228,munich
4109021,230.55138099747487,munich
4109022,243.87140151515155,munich
4110011,260.2997984654234,munich
4110012,227.49019643550892,munich
4110021,241.00507660742042,munich
4110022,251.37389398795642,munich
4111011,236.3934257646147,munich
4111012,56.935673151374345,munich
4111013,121.455490224545,munich
4111014,139.57371515679438,munich
4112011,131.37844560588468,munich
4112012,136.84974049070857,munich
4114011,213.8590350115741,munich
4114012,187.35728443287033,munich
4114013,258.9526909722221,munich
4114014,218.67703510802477,munich
4115011,130.82752310782044,munich
4115012,123.13156637146736,munich
4115021,89.76878375771615,munich
4115022,183.18492717978407,munich
4118011,141.50976592851612,munich
4118012,126.83795891608425,munich
4118013,152.89176864801863,munich
4118014,118.74192647630149,munich
10004001,101.62324618919605,munich
10004002,174.97261228399506,munich
10004004,221.27845185162462,munich
10004005,235.91939263527857,munich
10004006,139.07720786740688,munich
10004007,181.86773626622966,munich
10004008,64.93628422966931,munich
10004009,67.03382232367667,munich
10004010,169.11038754717418,munich
10004011,231.73661782573933,munich
10004012,148.69629297914247,munich
10004013,231.01281159858516,munich
10004014,84.20258034976781,munich
10004021,139.22539470854232,munich
10004022,254.6100109811523,munich
10006001,69.5036590369639,munich
10006002,186.6382758688911,munich
10006003,199.16347645359176,munich
10006004,127.93502611888546,munich
10006005,62.176921726775426,munich
10006006,171.97200416516108,munich
10006007,188.65256444608983,munich
10006008,33.46447279434776,munich
10008001,170.25346366861504,munich
10008002,142.3749179358738,munich
10008003,34.9852029105198,munich
10008004,45.38222860613987,munich
10008005,137.77570112730066,munich
10008006,119.387374944136,munich
10008007,48.09878805217477,munich
10008008,103.72063883051925,munich
10008009,218.65646202544642,munich
10008010,145.35273335210098,munich
10008011,166.98910306701933,munich
10008012,206.76845038713884,munich
10008013,157.27633290916899,munich
10010001,134.96251468621833,munich
10010002,331.7512424248289,munich
10010004,48.38609847892337,munich
10010005,95.24338804813254,munich
10010006,83.72772489865523,munich
10010008,277.67848116937773,munich
10010009,257.94695290802207,munich
10011001,121.92006842895637,munich
10011002,292.24386876872046,munich
10011003,61.651671516287344,munich
10011004,113.47571055992873,munich
10011005,99.26225828114913,munich
10011007,278.1095541053992,munich
10011008,324.2746494310902,munich
10011009,134.5289278287111,munich
10012001,271.57887888872347,munich
10012002,87.90971334570916,munich
10012003,220.58521837917195,munich
10012004,345.42432707719104,munich
10018001,87.99554527470343,munich
10018002,145.90852034163822,munich
10018003,96.16828232680517,munich
10018004,47.517688729983625,munich
10018005,66.31435117455537,munich
10018006,64.6389982074614,munich
10018007,175.4182728454793,munich
10018008,158.4647143164002,munich
10018009,178.64558285058328,munich
10018010,163.5214533461881,munich
10018011,132.71761762147054,munich
10018012,124.50391234779481,munich
10018013,70.63584912006583,munich
10018035,223.15221600633458,munich
10029001,97.87529282764572,munich
10029002,203.28618944089672,munich
10029003,244.75913302178228,munich
10029004,202.95041859393382,munich
10029005,158.49913341603792,munich
10029006,202.7097947744938,munich
10029007,197.48504126793807,munich
10029008,197.7161141860631,munich
10029009,258.98242602880293,munich
10029010,108.85744725120291,munich
10037001,125.63709013937965,munich
10037002,192.2449260626987,munich
10037003,241.32818848064295,munich
10037005,117.98980501004803,munich
10037006,70.081107588124,munich
10037007,125.53521494524658,munich
10038001,148.0286272126013,munich
10038002,133.56960020506253,munich
10038003,187.66435375603422,munich
10038004,270.199077511452,munich
10066001,152.85071815932906,munich
10066002,255.67757188995893,munich
10066003,179.92521333694725,munich
10066004,75.74217577022698,munich
10066006,215.3974463683275,munich
10066007,297.19529730587476,munich
10066008,282.01605989090666,munich
10069001,197.83296802962377,munich
10069002,245.52356290595657,munich
10069003,180.63067421158485,munich
10069005,247.94310217164497,munich
10069006,396.69438882775415,munich
10074001,137.75168696548928,munich
10074002,98.29017428297303,munich
10074004,100.66960904499697,munich
10074005,116.03817913202913,munich
10074006,156.4152714664995,munich
10074009,83.44652795604581,munich
10077001,61.42378211697352,munich
10077002,189.96625212927077,munich
10077003,212.3197240747887,munich
10077004,63.35083608498937,munich
10077005,63.09725947216798,munich
10077007,225.39035948634645,munich
10080001,161.2165852475677,munich
10080002,209.42591733449962,munich
10080003,211.61551030304696,munich
10080004,199.4143502779624,munich
10080005,167.85472606704107,munich
10080006,113.69263571563172,munich
10080007,93.4918111713281,munich
10080008,211.19033605505314,munich
10080009,141.55937758340622,munich
10087001,52.52806713092504,munich
10087002,396.5461963512335,munich
10087003,114.0234570168444,munich
10087004,353.51682219182044,munich
10087005,353.630945993956,munich
10087006,114.45013331734704,munich
10087007,63.65765214296034,munich
10087008,274.0647386724184,munich
10087009,341.3076556696674,munich
10092001,196.92903739404375,munich
10092002,160.57924466134148,munich
10092004,103.53135531516783,munich
10092006,80.99050578293253,munich
10092007,218.80847689304744,munich
10092008,87.15449080230927,munich
10092009,127.76346956062334,munich
10160001,157.38685329687078,munich
10160002,184.3247797966956,munich
10161005,167.16337241225102,munich
10174001,371.24103159225587,munich
10174002,210.187656307648,munich
10174003,189.6592605874902,munich
10190001,146.54951238419076,munich
10190002,162.22308292581775,munich
10190003,150.897965156453,munich
10190005,188.3101923167565,munich
10190006,122.83801280081418,munich
10220001,310.3750304369746,munich
10220002,77.63561919611699,munich
10241001,53.07353616858499,munich
10241002,23.323917023280472,munich
10241004,84.99213031548052,munich
10241005,84.00381419206957,munich
10241006,78.68643141711699,munich
10243001,104.3499303582502,munich
10243002,151.0985849048757,munich
10243003,94.80623639193423,munich
10243004,114.2862355606204,munich
10243005,251.85875904463916,munich
10243006,302.8249361961428,munich
10243007,63.040807853076004,munich
10243008,138.58585949583536,munich
10243009,123.62119172872639,munich
10243010,114.4017679354368,munich
10243011,315.41010339346366,munich
10243012,222.73325226575326,munich
10243013,145.90615773497063,munich
10259001,35.883394645473096,munich
10259002,178.30658176862482,munich
10259003,149.1114649286014,munich
10259004,177.70018038988846,munich
10259005,223.0098583124344,munich
10259006,240.2837689536583,munich
10259007,287.46461619412787,munich
10259008,95.8098794318157,munich
10259011,222.3603794209599,munich
10268001,61.176234135027535,munich
10268002,235.4306564219674,munich
10268004,71.71481357571935,munich
10268005,320.04653794105656,munich
10268008,101.07128458795549,munich
10274001,107.5527844895984,munich
10274002,109.58089764696254,munich
10274003,101.96268547982321,munich
10274005,67.2115891093023,munich
10274006,99.54199404962401,munich
10274009,138.83699830663974,munich
10275001,167.88507900439978,munich
10275002,143.4427454415869,munich
10275003,75.55528526320829,munich
10275004,67.45803218413941,munich
10275005,75.28915497090873,munich
10275006,90.42190162665182,munich
10275007,35.14306539022692,munich
10275009,120.85892774034909,munich
10275010,147.4072019428985,munich
10275012,97.15604794375575,munich
10276001,113.04838942781697,munich
10276002,165.20928476386013,munich
10276003,63.79560942033962,munich
10276004,47.84031813686042,munich
10276005,253.18974282113905,munich
10276007,68.76852465113213,munich
10276008,86.88239218601394,munich
10276018,29.105135136364336,munich
10276020,68.53174525142934,munich
10276021,54.16818477046875,munich
10317002,210.88983910390667,munich
10317005,180.48276028624093,munich
10317006,56.704303135715264,munich
10317009,59.28656232083607,munich
10317010,165.63358169509695,munich
10317011,64.21265166505022,munich
10319001,216.2952089699836,munich
10319002,248.4545874948178,munich
10319004,66.1034959219037,munich
10319005,184.32630118404978,munich
10319006,180.39058417579213,munich
10319008,74.23928353524265,munich
10321001,161.6412591657572,munich
10321002,142.05776902093058,munich
10321003,149.92246743916633,munich
10367001,96.97222454974171,munich
10367002,88.300375093672,munich
10367003,97.06513772552263,munich
10367006,62.013184088975265,munich
10367007,203.90722525340465,munich
10367008,148.90664367604742,munich
10367009,190.76388615282104,munich
10367010,176.4601344669267,munich
10424001,139.66295593978745,munich
10424002,119.5073100802874,munich
10424003,183.56176732937962,munich
10424004,153.03487024901037,munich
10424005,16.1374244496498,munich
10424006,49.908228876717004,munich
10424007,101.4625006766301,munich
10424008,168.8004307324419,munich
10424009,172.93036078845176,munich
10424010,233.32896881746444,munich
10424011,217.58259480550112,munich
10424012,120.3149448835357,munich
10427001,275.46141725645543,munich
10427003,99.95382764748331,munich
10427005,142.37888035737947,munich
10427006,144.2485488561358,munich
10427008,116.53090808586487,munich
10427009,117.00771587989409,munich
10427010,222.36939173327636,munich
10427011,246.81644413168826,munich
10453001,151.49683271030634,munich
10453002,222.18379197405037,munich
10453003,62.964713443444374,munich
10453004,177.64363196774244,munich
10453005,69.66148700567526,munich
10453006,193.34026048430235,munich
10453007,38.87525991848159,munich
10453008,109.60607133504172,munich
10453009,236.15196877372415,munich
10532001,218.05355935784573,munich
10532002,121.64829194614637,munich
10532003,182.72884766745895,munich
10532004,185.8162239415821,munich
10547001,88.19374509418634,munich
10547003,78.40157528743423,munich
10547004,110.90507398744978,munich
10547005,135.55980944584695,munich
10547006,154.70326835979048,munich
10547007,105.14517290201546,munich
10547008,66.38912525649367,munich
10547009,182.2725637066468,munich
10547010,125.98441895695548,munich
10547011,36.42535726229832,munich
10547012,43.352257744464225,munich
10547013,39.92958117441856,munich
10547014,86.3570909548713,munich
10547015,67.14880210177074,munich
10575001,44.72910854009447,munich
10575002,218.39081732057443,munich
10575003,196.66817664586745,munich
10575004,33.63827062012339,munich
10575007,39.461985794170694,munich
10575008,295.7568701891735,munich
10575009,249.7204056725796,munich
10589001,118.20432948088452,munich
10589002,150.76236830445254,munich
10589003,167.05203981466263,munich
10589004,114.22644530768882,munich
10589005,149.85303276339087,munich
10589006,95.4940336774233,munich
10589007,168.33406842244847,munich
10599001,148.50701482815256,munich
10656001,256.23183268753246,munich
10656002,124.65390166083723,munich
10656003,158.10955334333048,munich
10656004,112.68410343022094,munich
10656005,212.03547640764816,munich
10656006,103.03551086712108,munich
10656007,68.48363748854658,munich
10656008,349.5771907760223,munich
10656009,233.66741989620368,munich
10656010,117.81268319265548,munich
10736001,103.53029815225065,munich
10736002,174.61581406608167,munich
10736003,146.89904322843043,munich
10736004,154.2278308030157,munich
10877001,162.07545743443248,munich
10877002,159.37030742068748,munich
10877003,127.78488951547486,munich
10877004,170.907842982084,munich
10926001,327.0063594778458,munich
10939003,36.97022348963248,munich
11012001,261.83741126968806,munich
11012002,253.6694720997508,munich
11012003,281.98975293702796,munich
11012005,240.40931160052423,munich
11012006,296.7286961279347,munich
11043001,130.57787821266606,munich
11043002,125.18922638278747,munich
11043003,76.19087931340242,munich
11044001,93.74718191313974,munich
11044003,23.888870857243163,munich
11044004,141.68105648814185,munich
11044005,108.5612489267038,munich
11044006,39.39803924168271,munich
11044014,62.243448228989344,munich
11055002,151.36365512989667,munich
11055003,173.1857580412587,munich
11055005,154.87372786726283,munich
11055006,140.54312478674942,munich
11055007,74.23185123716529,munich
11055008,70.07844459544113,munich
11101005,102.62310069004049,munich
11101006,281.7352520247338,munich
11101007,196.35708693195497,munich
11101008,171.3360726279516,munich
11101009,372.6205003866688,munich
11101010,326.3989214541405,munich
11140001,34.61922913301828,munich
11140002,43.45347358001089,munich
11180005,91.54135802469145,munich
11180006,116.77923418209892,munich
11238001,106.27356402272919,munich
11238002,137.32485960819912,munich
11238005,68.34513809056797,munich
11238006,166.26959279342694,munich
11273001,187.94366454682162,munich
11273002,135.40936148031608,munich
11273004,34.44776904955305,munich
11273005,97.51593275408872,munich
11273006,142.6932102085493,munich
GRT02_MORO_1071_2_1,364.68105340160935,rotterdam
GRT02_MORO_1071_2_2,507.9985369422092,rotterdam
GRT02_MORO_1076_2_1,319.6305779078274,rotterdam
GRT02_MORO_1076_2_2,339.85149963423555,rotterdam
GRT02_MORO_1091_2_1,283.71616678858817,rotterdam
GRT02_MORO_1099_2_1,480.0943672275055,rotterdam
GRT02_MORO_1105_2_1,257.5764447695684,rotterdam
GRT02_MORO_1105_2_2,452.85076810534014,rotterdam
GRT02_MORO_1105_2_3,298.8807607900512,rotterdam
GRT02_MORO_1112_2_1,198.86027798098024,rotterdam
GRT02_MORO_1112_2_2,512.4052670080468,rotterdam
GRT02_MORO_1112_2_3,364.0819312362838,rotterdam
GRT02_MORO_1120_2_1,100.02267739575713,rotterdam
GRT02_MORO_1123_2_1,96.87564008778347,rotterdam
GRT02_MORO_1127_2_1,278.34381858083395,rotterdam
GRT02_MORO_1127_2_2,305.60716898317486,rotterdam
GRT02_MORO_1132_2_1,336.57717629846377,rotterdam
GRT02_MORO_1132_2_2,326.3833211411851,rotterdam
GRT02_MORO_1138_2_1,324.2721287490856,rotterdam
GRT02_MORO_1138_2_2,436.74030724213605,rotterdam
GRT02_MORO_1138_2_3,198.96342355523043,rotterdam
GRT02_MORO_1145_2_1,205.15654718361375,rotterdam
GRT02_MORO_1145_2_2,472.8127286027798,rotterdam
GRT02_MORO_1145_2_3,179.25822970007314,rotterdam
GRT02_MORO_1153_2_1,310.6415508412582,rotterdam
GRT02_MORO_1153_2_2,132.20848573518654,rotterdam
GRT02_MORO_1158_2_1,91.59765910753475,rotterdam
GRT02_MORO_1158_2_2,394.5647403072421,rotterdam
GRT02_MORO_1175_2_1,328.1762984637893,rotterdam
GRT02_MORO_1175_2_2,497.6027798098025,rotterdam
GRT02_MORO_1180_2_1,316.3584491587418,rotterdam
GRT02_MORO_1180_2_2,445.93562545720556,rotterdam
GRT02_MORO_1199_2_1,112.69056327724945,rotterdam
GRT02_MORO_1199_2_2,306.1697147037308,rotterdam
GRT02_MORO_1204_2_1,381.3262618873446,rotterdam
GRT02_MORO_1210_2_1,321.06291148500367,rotterdam
GRT02_MORO_1213_2_1,296.4945135332846,rotterdam
GRT02_MORO_1217_2_1,179.62472567666424,rotterdam
GRT02_MORO_1217_2_2,240.86247256766643,rotterdam
GRT02_MORO_1222_2_1,142.4001463057791,rotterdam
GRT02_MORO_1222_2_2,258.69787856620337,rotterdam
GRT02_MORO_1228_2_1,75.68910021945867,rotterdam
GRT02_MORO_1228_2_2,228.6517922457937,rotterdam
GRT02_MORO_1228_2_3,154.4330651060717,rotterdam
GRT02_MORO_1234_2_1,262.8215069495245,rotterdam
GRT02_MORO_1234_2_2,319.2904169714704,rotterdam
GRT02_MORO_1241_2_1,270.47256766642283,rotterdam
GRT02_MORO_1241_2_2,331.93489392831015,rotterdam
GRT02_MORO_1246_2_1,137.05632772494513,rotterdam
GRT02_MORO_1246_2_2,187.71616678858814,rotterdam
GRT02_MORO_1252_2_1,226.4930504754938,rotterdam
GRT02_MORO_1256_2_1,216.77542062911485,rotterdam
GRT02_MORO_1261_2_1,319.59765910753475,rotterdam
GRT02_MORO_1264_2_1,336.8141916605706,rotterdam
GRT02_MORO_1277_2_1,465.629846378932,rotterdam
GRT02_MORO_1277_2_2,817.4594001463058,rotterdam
GRT02_MORO_1288_2_1,301.0358449158742,rotterdam
GRT02_MORO_1288_2_2,313.33650329188004,rotterdam
GRT02_MORO_1293_2_1,385.2772494513533,rotterdam
GRT02_MORO_1293_2_2,280.0885149963424,rotterdam
GRT02_MORO_1299_2_1,88.3145574250183,rotterdam
GRT02_MORO_1299_2_2,296.95391367959036,rotterdam
GRT02_MORO_1299_2_3,423.17117776152156,rotterdam
GRT02_MORO_1299_2_4,96.17117776152158,rotterdam
GRT02_MORO_1308_2_1,29.648449039881832,rotterdam
GRT02_MORO_1308_2_2,146.82443306510606,rotterdam
GRT02_MORO_1308_2_3,244.61741038771032,rotterdam
GRT02_MORO_1308_2_4,3.118507681053402,rotterdam
GRT02_MORO_1318_2_1,348.0592538405267,rotterdam
GRT02_MORO_1321_2_1,296.35698610095096,rotterdam
GRT02_MORO_1325_2_1,317.1967812728603,rotterdam
GRT02_MORO_1325_2_2,238.75347476225312,rotterdam
GRT02_MORO_1330_2_1,95.49524506217996,rotterdam
GRT02_MORO_1330_2_2,222.1953182150695,rotterdam
GRT02_MORO_1336_2_1,355.3650329188003,rotterdam
GRT02_MORO_1336_2_2,375.4937820043892,rotterdam
GRT02_MORO_1341_2_1,142.07534747622532,rotterdam
GRT02_MORO_1341_2_2,268.3386978785662,rotterdam
GRT02_MORO_1347_2_1,438.94367227505484,rotterdam
GRT02_MORO_1350_2_1,436.7286027798098,rotterdam
GRT02_MORO_1367_2_1,137.20775420629116,rotterdam
GRT02_MORO_1367_2_2,358.0950987564009,rotterdam
GRT02_MORO_1373_2_1,307.7815049864007,rotterdam
GRT02_MORO_1373_2_2,217.28377153218494,rotterdam
GRT02_MORO_1373_2_3,972.4161378059837,rotterdam
GRT02_MORO_1380_2_1,530.9385515727871,rotterdam
GRT02_MORO_1380_2_2,804.151426481346,rotterdam
GRT02_MORO_1387_2_1,0.0,rotterdam
GRT02_MORO_1387_2_2,0.0,rotterdam
GRT02_MORO_1387_2_3,0.0,rotterdam
GRT02_MORO_1387_2_4,0.0,rotterdam
GRT02_MORO_1395_2_1,521.2253108997805,rotterdam
GRT02_MORO_1395_2_2,362.9583028529627,rotterdam
GRT02_MORO_1395_2_3,6.781272860277981,rotterdam
GRT02_MORO_1401_2_1,418.2399414776884,rotterdam
GRT02_MORO_1401_2_2,515.9100219458669,rotterdam
GRT02_MORO_1408_2_1,564.4330651060717,rotterdam
GRT02_MORO_1411_2_1,535.5888807607901,rotterdam
GRT02_MORO_1415_2_1,449.1748354059985,rotterdam
GRT02_MORO_1418_2_1,522.3972201901975,rotterdam
GRT02_MORO_1422_2_1,153.93050475493783,rotterdam
GRT02_MORO_1422_2_2,489.99634235552304,rotterdam
GRT02_MORO_1427_2_1,167.08266276517924,rotterdam
GRT02_MORO_1427_2_2,478.0182882223848,rotterdam
GRT02_MORO_1492_2_1,415.94220921726406,rotterdam
GRT02_MORO_1497_2_1,30.73299195318215,rotterdam
GRT02_MORO_1497_2_2,291.77688368690565,rotterdam
GRT02_MORO_1497_2_3,171.35332845647403,rotterdam
GRT02_MORO_1503_2_1,220.34967081199707,rotterdam
GRT02_MORO_1503_2_2,159.11850768105342,rotterdam
GRT02_MORO_1509_2_1,32.08924652523775,rotterdam
GRT02_MORO_1509_2_2,217.52084857351866,rotterdam
GRT02_MORO_1509_2_3,91.7885881492319,rotterdam
GRT02_MORO_1516_2_1,414.74981711777616,rotterdam
GRT02_MORO_1516_2_2,803.5427944403804,rotterdam
GRT02_MORO_1516_2_3,115.08339429407462,rotterdam
GRT02_MORO_1524_2_1,232.86100950987563,rotterdam
GRT02_MORO_1524_2_2,224.48866130212144,rotterdam
GRT02_MORO_1524_2_3,311.74981711777616,rotterdam
GRT02_MORO_1524_2_4,432.7505486466715,rotterdam
GRT02_MORO_1524_2_5,0.0,rotterdam
GRT02_MORO_1680_2_1,245.84857351865398,rotterdam
GRT02_MORO_1680_2_2,264.5947329919532,rotterdam
GRT02_MORO_1685_2_1,385.4572055596196,rotterdam
GRT02_MORO_1685_2_2,350.8749085588881,rotterdam
GRT02_MORO_1691_2_1,124.3145574250183,rotterdam
GRT02_MORO_1691_2_2,477.50256035113387,rotterdam
GRT02_MORO_1691_2_3,434.4316020482809,rotterdam
GRT02_MORO_1698_2_1,272.96488661302124,rotterdam
GRT02_MORO_1698_2_2,183.83613752743233,rotterdam
GRT02_MORO_1698_2_3,72.51353328456474,rotterdam
GRT02_MORO_1717_2_1,362.02852962692026,rotterdam
GRT02_MORO_1720_2_1,283.0256035113387,rotterdam
GRT02_MORO_1724_2_1,214.72713972201902,rotterdam
GRT02_MORO_1724_2_2,396.9678127286028,rotterdam
GRT02_MORO_1724_2_3,588.3599122165325,rotterdam
GRT02_MORO_1724_2_4,79.50987564008778,rotterdam
GRT02_MORO_1731_2_1,287.56547183613753,rotterdam
GRT02_MORO_1731_2_2,402.46964155084123,rotterdam
GRT02_MORO_1739_2_1,229.0160936356986,rotterdam
GRT02_MORO_1739_2_2,289.45281638624726,rotterdam
GRT02_MORO_1744_2_1,218.3811265544989,rotterdam
GRT02_MORO_1744_2_2,322.7227505486467,rotterdam
GRT02_MORO_1769_2_1,513.2326261887345,rotterdam
GRT02_MORO_1774_2_1,446.29114850036575,rotterdam
GRT02_MORO_1780_2_1,209.3899049012436,rotterdam
GRT02_MORO_1780_2_2,294.1338697878566,rotterdam
GRT02_MORO_1780_2_3,58.05779078273592,rotterdam
GRT02_MORO_1786_2_1,239.4930504754938,rotterdam
GRT02_MORO_1786_2_2,325.99487929773227,rotterdam
GRT02_MORO_1793_2_1,44.17044623262619,rotterdam
GRT02_MORO_1793_2_2,194.23408924652523,rotterdam
GRT02_MORO_1798_2_1,114.21287490855889,rotterdam
GRT02_MORO_1798_2_2,123.441111923921,rotterdam
GRT02_MORO_1804_2_1,352.3584491587418,rotterdam
GRT02_MORO_1807_2_1,346.20043891733724,rotterdam
GRT02_MORO_1811_2_1,392.9319678127286,rotterdam
GRT02_MORO_1816_2_1,352.67666422823703,rotterdam
GRT02_MORO_1822_2_1,339.3423555230432,rotterdam
GRT02_MORO_1825_2_1,340.1675201170446,rotterdam
GRT02_MORO_1829_2_1,205.79517190929042,rotterdam
GRT02_MORO_1829_2_2,339.29188002926116,rotterdam
GRT02_MORO_1834_2_1,126.20848573518654,rotterdam
GRT02_MORO_1834_2_2,341.1704462326262,rotterdam
GRT02_MORO_1851_2_1,342.8910021945867,rotterdam
GRT02_MORO_1851_2_2,379.6349670811997,rotterdam
GRT02_MORO_1851_2_3,502.4264813460132,rotterdam
GRT02_MORO_1851_2_4,236.56547183613753,rotterdam
GRT02_MORO_1851_2_5,28.040234089246525,rotterdam
GRT02_MORO_1860_2_1,75.41697147037308,rotterdam
GRT02_MORO_1860_2_2,328.80395025603514,rotterdam
GRT02_MORO_1860_2_3,482.85076810534014,rotterdam
GRT02_MORO_1860_2_4,272.4732991953182,rotterdam
GRT02_MORO_1870_2_1,316.286027798098,rotterdam
GRT02_MORO_1870_2_2,233.13313825896122,rotterdam
GRT02_MORO_1878_2_1,140.91660570592538,rotterdam
GRT02_MORO_1878_2_2,284.710314557425,rotterdam
GRT02_MORO_1878_2_3,136.04901243599122,rotterdam
GRT02_MORO_1878_2_4,22.323335771762984,rotterdam
GRT02_MORO_1904_2_1,395.71470373079734,rotterdam
GRT02_MORO_1907_2_1,396.03511338697876,rotterdam
GRT02_MORO_1911_2_1,31.5932699341624,rotterdam
GRT02_MORO_1911_2_2,100.59107534747622,rotterdam
GRT02_MORO_1911_2_3,261.6100950987564,rotterdam
GRT02_MORO_1911_2_4,463.30138990490127,rotterdam
GRT02_MORO_1919_2_1,221.76956839795173,rotterdam
GRT02_MORO_1919_2_2,383.3152889539137,rotterdam
GRT02_MORO_1919_2_3,32.049743964886616,rotterdam
GRT02_MORO_1928_2_1,47.4572055596196,rotterdam
GRT02_MORO_1928_2_2,163.83174835405998,rotterdam
GRT02_MORO_1928_2_3,18.740307242136065,rotterdam
GRT02_MORO_1928_2_4,42.063643013899046,rotterdam
GRT02_MORO_1928_2_5,0.0,rotterdam
GRT02_MORO_1940_2_1,72.02414045354791,rotterdam
GRT02_MORO_1940_2_2,31.617410387710315,rotterdam
GRT02_MORO_1940_2_3,1.5888807607900512,rotterdam
GRT02_MORO_1940_2_4,6.743964886613021,rotterdam
GRT02_MORO_1940_2_5,103.77542062911485,rotterdam
GRT02_MORO_1940_2_6,0.032638259292837715,rotterdam
GRT02_MORO_1953_2_1,50.53035844915874,rotterdam
GRT02_MORO_1953_2_2,262.7622531089978,rotterdam
GRT02_MORO_1953_2_3,238.31236283833212,rotterdam
GRT02_MORO_1961_2_1,55.070958302852965,rotterdam
GRT02_MORO_1961_2_2,343.7973664959766,rotterdam
GRT02_MORO_1961_2_3,14.771762984637894,rotterdam
GRT02_MORO_1970_2_1,320.64008778346744,rotterdam
GRT02_MORO_1974_2_1,304.59546452084857,rotterdam
GRT02_MORO_1974_2_2,432.02414045354794,rotterdam
GRT02_MORO_1979_2_1,499.3584491587418,rotterdam
GRT02_MORO_1982_2_1,189.59473299195318,rotterdam
GRT02_MORO_1986_2_1,332.2516459400146,rotterdam
GRT02_MORO_1986_2_2,356.3657644476957,rotterdam
GRT02_MORO_1991_2_1,72.52231163130944,rotterdam
GRT02_MORO_1991_2_2,105.85369422092172,rotterdam
GRT02_MORO_2008_2_1,202.42867593269935,rotterdam
GRT02_MORO_2008_2_2,89.86832479882955,rotterdam
GRT02_MORO_2017_2_1,237.10753474762254,rotterdam
GRT02_MORO_2017_2_2,404.00585223116315,rotterdam
GRT02_MORO_2017_2_3,146.56327724945135,rotterdam
GRT02_MORO_2023_2_1,356.936356986101,rotterdam
GRT02_MORO_2023_2_2,207.3643013899049,rotterdam
GRT02_MORO_2030_2_1,273.9546452084857,rotterdam
GRT02_MORO_2033_2_1,308.91221653255303,rotterdam
GRT02_MORO_2037_2_1,75.31382589612289,rotterdam
GRT02_MORO_2037_2_2,194.8134601316752,rotterdam
GRT02_MORO_2042_2_1,134.256035113387,rotterdam
GRT02_MORO_2042_2_2,171.75054864667155,rotterdam
GRT02_MORO_2048_2_1,260.8222384784199,rotterdam
GRT02_MORO_2048_2_2,372.02852962692026,rotterdam
GRT02_MORO_2048_2_3,102.03072421360643,rotterdam
GRT02_MORO_2056_2_1,48.691294806144846,rotterdam
GRT02_MORO_2056_2_2,377.4601316752012,rotterdam
GRT02_MORO_2056_2_3,609.8756400877835,rotterdam
GRT02_MORO_2056_2_4,297.9656181419166,rotterdam
GRT02_MORO_2800_2_1,243.84272128749086,rotterdam
GRT02_MORO_2801_2_1,118.3145574250183,rotterdam
GRT02_MORO_2801_2_2,325.8346744696415,rotterdam
GRT02_MORO_2801_2_3,361.38478419897586,rotterdam
GRT02_MORO_5521_2_1,413.3152889539137,rotterdam
GRT02_MORO_5521_2_2,496.2443306510607,rotterdam
GRT02_MORO_5527_2_1,14.703730797366497,rotterdam
GRT02_MORO_5527_2_2,176.13752743233357,rotterdam
GRT02_MORO_5527_2_3,394.79956108266276,rotterdam
GRT02_MORO_5820_2_1,222.09436722750547,rotterdam
SRR01_178-89020-178_1,0.04402054292002935,rotterdam
SRR01_178-89020-178_2,0.02641232575201761,rotterdam
SRR01_181-89020-181_1,53.48516886930984,rotterdam
SRR01_187-187B-187_1,93.2781693587862,rotterdam
SRR01_187A-187-187_1,91.3566568771413,rotterdam
SRR01_188-188B-188_1,204.93105060506036,rotterdam
SRR01_188A-188-188_1,202.9460396039605,rotterdam
SRR01_191-191B-191_1,358.70765468329637,rotterdam
SRR01_191-191B-191_2,197.35123502078753,rotterdam
SRR01_191A-191-191_1,0.0,rotterdam
SRR01_191A-191-191_2,165.7044020542922,rotterdam
SRR01_191A-191-191_3,80.24221080948891,rotterdam
SRR01_89020-178-178_1,141.90946441672781,rotterdam
SRR01_89020-178-178_2,187.45957446808526,rotterdam
SRR01_89020-181-181_1,52.333382280959405,rotterdam
K101D11,194.7484370348318,zurich
K101D13,267.5081869604049,zurich
K101D14,213.33730276868116,zurich
K103D11,259.02947305745755,zurich
K103D13,77.49925573087228,zurich
K106D11,145.323012801429,zurich
K106D12,264.8883596308425,zurich
K106D14,89.84221494492408,zurich
K106D15,179.73206311402203,zurich
K106D16,103.06638880619232,zurich
K107D11,176.34415004465615,zurich
K107D12,101.04197677880322,zurich
K107D13,101.67907115212861,zurich
K107D19,183.5367668949092,zurich
K107D20,69.20512057159868,zurich
K107D21,210.37808871688003,zurich
K107D22,104.02500744269128,zurich
K109D11,20.327478416195298,zurich
K109D12,146.64483477225366,zurich
K109D13,147.08544209586185,zurich
K109D14,208.4013099136648,zurich
K109D15,108.03215242631735,zurich
K10D11,134.3256921702888,zurich
K10D12,281.1312890741292,zurich
K10D13,325.7933908901459,zurich
K10D14,322.3578445966061,zurich
K111D11,168.94909199166418,zurich
K113D11,164.24531110449539,zurich
K113D12,41.19083060434653,zurich
K113D15,166.79368859779697,zurich
K114D11,373.0395951175945,zurich
K116D11,379.32122655552246,zurich
K117D11,306.8175052098839,zurich
K117D13,167.82375707055672,zurich
K117D14,34.74248288181006,zurich
K117D15,178.20184578743672,zurich
K118D12,47.37124144090503,zurich
K118D14,52.37272997916047,zurich
K119D11,205.1027091396249,zurich
K119D12,47.26406668651384,zurich
K119D13,190.2113724322715,zurich
K119D14,30.693658827031854,zurich
K119D15,41.04197677880322,zurich
K119D16,18.309020541827923,zurich
K119D19,173.10509080083358,zurich
K119D20,82.26257814825841,zurich
K11D11,167.08544209586185,zurich
K11D12,165.8707948794284,zurich
K11D14,137.86245906519798,zurich
K11D16,141.97677880321524,zurich
K11D17,79.64275081869604,zurich
K11D19,44.54301875558202,zurich
K121D13,240.601369455195,zurich
K121D14,163.34027984519201,zurich
K121D15,73.87913069365882,zurich
K123D11,206.8532301280143,zurich
K123D19,202.5543316463233,zurich
K123D21,285.9065197975588,zurich
K124D11,199.11283119976184,zurich
K124D12,209.90771062816313,zurich
K128D11,162.63173563560582,zurich
K128D12,201.381363501042,zurich
K129D15,310.4495385531408,zurich
K129D16,145.12057159869008,zurich
K129D17,133.7660017862459,zurich
K129D18,143.28073831497468,zurich
K129D19,352.99196189342064,zurich
K12D11,222.5126525751712,zurich
K12D12,226.43643941649302,zurich
K12D14,84.26912771658232,zurich
K12D16,36.915748734742486,zurich
K12D17,296.0464423935695,zurich
K133D11,142.97707651086634,zurich
K133D12,95.36171479607026,zurich
K133D13,230.98541232509675,zurich
K133D15,221.63739208097647,zurich
K133D16,170.54480500148853,zurich
K133D17,391.72968145281334,zurich
K136D11,183.6796665674308,zurich
K136D12,128.4429889848169,zurich
K136D15,72.0333432569217,zurich
K136D16,104.27508186960405,zurich
K136D17,83.78684132182197,zurich
K138D11,136.65376600178624,zurich
K138D14,67.87139029473057,zurich
K138D15,149.9017564751414,zurich
K138D16,157.56475141411136,zurich
K139D11,145.35278356653765,zurich
K139D12,151.5272402500744,zurich
K139D14,49.89580232211968,zurich
K13D11,515.9571300982435,zurich
K13D12,521.2444179815421,zurich
K13D13,292.31914260196487,zurich
K13D14,347.55582018457875,zurich
K13D15,69.79458172075023,zurich
K13D16,150.7412920512057,zurich
K141D13,3.9356951473652875,zurich
K141D14,19.339089014587675,zurich
K143D11,158.63054480500148,zurich
K143D12,195.06400714498363,zurich
K143D14,45.37660017862459,zurich
K143D16,20.059541530217327,zurich
K143D18,62.67936885977969,zurich
K143D19,178.374516225067,zurich
K144D13,210.5031259303364,zurich
K144D14,101.73861268234593,zurich
K144D15,368.5323012801429,zurich
K14D12,16.498958023221196,zurich
K14D13,298.5412325096755,zurich
K14D14,362.36379874962785,zurich
K14D15,554.2125632628758,zurich
K150D11,95.06996129800535,zurich
K150D13,156.75498660315571,zurich
K150D14,202.95921405180113,zurich
K150D15,130.41976778803215,zurich
K152D12,242.75677284906223,zurich
K152D15,87.6927657040786,zurich
K152D17,238.21970824650194,zurich
K153D11,55.867817802917536,zurich
K153D12,48.46680559690384,zurich
K153D14,55.48675200952665,zurich
K153D16,67.44269127716582,zurich
K154D11,62.03632033343257,zurich
K154D12,69.82435248585888,zurich
K155D11,130.12801428996724,zurich
K155D12,56.54659124739506,zurich
K156D11,162.3518904435844,zurich
K156D12,163.00089312295327,zurich
K156D13,38.98779398630545,zurich
K16D11,354.43286692467996,zurich
K16D12,229.94938969931528,zurich
K16D13,160.68472759749926,zurich
K16D14,431.37243227150935,zurich
K16D15,465.1205715986901,zurich
K16D16,427.9547484370348,zurich
K16D17,471.24144090503125,zurich
K16D18,288.68710925870795,zurich
K16D19,215.43911878535278,zurich
K176D12,4.025007442691277,zurich
K176D13,5.549270616254837,zurich
K176D14,5.328966954450729,zurich
K176D15,201.2801428996725,zurich
K176D16,196.09407561774339,zurich
K178D11,105.0312593033641,zurich
K178D12,242.28639476034533,zurich
K178D13,25.192021434950878,zurich
K17D11,371.16403691574874,zurich
K17D12,283.5308127418875,zurich
K17D13,550.5090800833582,zurich
K17D14,160.48228639476034,zurich
K17D15,320.3453408752605,zurich
K17D16,419.4284013099137,zurich
K180D11,200.32152426317356,zurich
K180D12,229.31229532598988,zurich
K184D11,305.8172075022328,zurich
K184D12,270.5626674605537,zurich
K186D11,84.63233105090801,zurich
K186D12,95.41530217326586,zurich
K189D11,154.15302173265852,zurich
K189D12,204.75141411134265,zurich
K18D11,597.8981839833284,zurich
K18D12,588.1333730276868,zurich
K18D13,340.0,zurich
K18D14,268.4489431378386,zurich
K18D15,297.36231021137246,zurich
K18D16,349.34206609109856,zurich
K202D14,184.93003870199465,zurich
K202D15,149.1872581125335,zurich
K202D16,116.38582911580828,zurich
K202D17,182.78654361417088,zurich
K202D18,56.83239059243822,zurich
K203D13,178.1184876451325,zurich
K203D14,191.09258707948794,zurich
K203D15,28.12741887466508,zurich
K203D16,59.220005954153024,zurich
K205D11,168.41321821970826,zurich
K205D12,194.16493003870198,zurich
K205D13,143.42363798749628,zurich
K206D11,226.46621018160167,zurich
K206D12,159.88091693956534,zurich
K208D12,235.9333134861566,zurich
K208D13,186.6031557011015,zurich
K208D14,50.3185471866627,zurich
K209D11,315.0282822268532,zurich
K209D12,706.1982732956237,zurich
K209D13,703.3343256921703,zurich
K209D14,331.6165525454004,zurich
K209D15,252.28937183685622,zurich
K20D11,289.83626079190236,zurich
K20D12,159.36885977969635,zurich
K211D11,313.896993152724,zurich
K212D13,148.31199761833878,zurich
K212D14,288.49062220899077,zurich
K212D17,150.97350401905328,zurich
K212D18,699.7142006549568,zurich
K214D11,227.72253646918725,zurich
K214D12,194.39118785352784,zurich
K215D11,77.54093480202441,zurich
K215D12,132.99196189342067,zurich
K216D11,180.81571896397736,zurich
K216D13,113.02768681155106,zurich
K217D11,174.2244715689193,zurich
K217D12,216.67162846085145,zurich
K218D11,121.1848764513248,zurich
K218D12,34.77820779994046,zurich
K218D21,57.18477762494269,zurich
K219D11,197.683834474546,zurich
K219D12,39.14855611789223,zurich
K219D13,35.80232211967848,zurich
K219D14,288.77642155403396,zurich
K219D15,95.90949687406966,zurich
K219D16,66.46025602857993,zurich
K221D11,333.9684429889848,zurich
K221D12,171.14617445668353,zurich
K221D13,118.14825841024114,zurich
K221D14,188.09169395653467,zurich
K221D15,164.40607323608216,zurich
K222D11,141.35754688895506,zurich
K222D12,229.1336707353379,zurich
K222D13,148.0381065793391,zurich
K222D14,160.38701994641264,zurich
K222D15,143.82256623995238,zurich
K222D16,65.84697826734147,zurich
K243D11,130.20541827924978,zurich
K243D13,145.745757665972,zurich
K243D15,232.02738910389996,zurich
K243D16,64.0845489729086,zurich
K243D17,195.2426317356356,zurich
K243D18,20.797856504912176,zurich
K245D11,214.63530812741888,zurich
K245D12,208.4787139029473,zurich
K245D13,120.00595415302173,zurich
K245D14,56.69544507293838,zurich
K245D16,169.28847871390295,zurich
K245D20,304.8466805596904,zurich
K251D10,362.30425721941054,zurich
K251D11,154.99851146174456,zurich
K251D12,57.28490622208991,zurich
K251D13,70.3006847275975,zurich
K251D16,242.7686811551057,zurich
K251D17,119.76778803215242,zurich
K251D18,182.17326585293242,zurich
K251D19,95.72491813039595,zurich
K251D20,65.60285799345043,zurich
K251D23,295.6951473652873,zurich
K251D9,299.4938969931527,zurich
K252D11,278.7377195593927,zurich
K252D12,278.11253349211074,zurich
K252D13,27.77016969336112,zurich
K252D14,199.48794284013098,zurich
K252D15,115.88568026198273,zurich
K253D11,134.77820779994045,zurich
K253D12,223.5010419767788,zurich
K253D14,69.21107472462042,zurich
K25D13,361.7922000595415,zurich
K25D14,354.8079785650491,zurich
K27D11,419.62488835963086,zurich
K27D12,422.2566239952367,zurich
K27D13,191.19976183387914,zurich
K27D15,84.32271509377792,zurich
K2D11,286.3947603453409,zurich
K2D13,187.69871985710031,zurich
K2D14,148.06192319142602,zurich
K2D15,137.09437332539446,zurich
K2D16,448.6513843405776,zurich
K2D17,164.16195296219112,zurich
K2D18,550.354272104793,zurich
K2D19,466.8830008931229,zurich
K301D11,137.7552843108068,zurich
K301D12,185.82316165525455,zurich
K301D13,325.98392378684133,zurich
K301D14,247.74635308127418,zurich
K301D15,96.72521583804703,zurich
K301D16,273.6231021137243,zurich
K302D11,298.7436737124144,zurich
K302D12,333.87913069365885,zurich
K302D13,347.54986603155703,zurich
K302D14,271.52724025007444,zurich
K302D15,315.30217326585296,zurich
K302D16,330.1458767490324,zurich
K304D11,470.1935099732063,zurich
K304D12,310.87228341768383,zurich
K304D13,184.96576362012505,zurich
K304D14,141.90532896695444,zurich
K304D15,173.76004763322416,zurich
K304D16,137.082465019351,zurich
K304D17,154.7543911878535,zurich
K304D18,86.78178029175349,zurich
K304D19,130.30663888061923,zurich
K305D10,171.18189937481392,zurich
K305D11,347.0020839535576,zurich
K305D12,330.3364096457279,zurich
K305D13,337.9994045846978,zurich
K305D14,212.271509377791,zurich
K305D15,196.28460851443882,zurich
K305D16,207.2402500744269,zurich
K305D17,145.68026198273296,zurich
K305D18,133.6885977969634,zurich
K305D19,93.563560583507,zurich
K305D20,142.3340279845192,zurich
K305D21,98.90443584400118,zurich
K305D22,458.9401607621316,zurich
K307D11,299.24382256623994,zurich
K307D13,67.68085739803513,zurich
K307D14,102.01250372134564,zurich
K307D15,335.71896397737424,zurich
K307D16,407.42482881810065,zurich
K310D10,345.4480500148854,zurich
K310D11,335.19499851146173,zurich
K310D12,301.47067579636797,zurich
K310D13,325.71003274784164,zurich
K310D14,181.33968442988984,zurich
K310D15,306.55552247692765,zurich
K310D16,192.06311402203036,zurich
K310D17,40.666865138434055,zurich
K310D18,198.82703185471865,zurich
K310D19,163.41768383447456,zurich
K310D20,453.95653468294137,zurich
K310D21,499.0354272104793,zurich
K310D22,327.883298600774,zurich
K313D11,221.8815123548675,zurich
K313D12,258.3626079190235,zurich
K313D13,364.453706460256,zurich
K313D14,255.34385233700507,zurich
K313D15,267.1688002381661,zurich
K315D11,274.2066091098541,zurich
K315D12,207.62727002083955,zurich
K315D13,108.1869604048824,zurich
K315D14,271.31884489431377,zurich
K321D11,274.1172968145281,zurich
K321D13,285.55522476927655,zurich
K321D14,277.29086037511166,zurich
K321D15,360.2143495087824,zurich
K321D16,165.08484668055968,zurich
K322D11,54.802024412027386,zurich
K322D12,207.7642155403394,zurich
K322D13,172.60494194700803,zurich
K322D14,85.51354569812445,zurich
K323D11,357.18963977374216,zurich
K323D12,183.4057755284311,zurich
K323D13,235.30812741887468,zurich
K323D14,235.15331944030962,zurich
K323D15,60.85144388210777,zurich
K323D16,191.98571003274785,zurich
K323D17,167.57368264364393,zurich
K323D18,359.11878535278356,zurich
K323D19,417.76123846382853,zurich
K324D11,475.1533194403096,zurich
K324D12,499.7975587972611,zurich
K324D13,97.86841321821971,zurich
K324D14,98.61863649895803,zurich
K324D15,474.944924084549,zurich
K325D11,140.2560285799345,zurich
K32D11,30.169693361119382,zurich
K32D12,177.17773146769872,zurich
K32D13,166.61506400714498,zurich
K32D14,171.42601964870497,zurich
K330D11,387.4486454301876,zurich
K330D12,76.88002381661208,zurich
K330D14,43.840428699017565,zurich
K330D15,171.14617445668353,zurich
K330D16,356.61804108365584,zurich
K330D17,177.39208097648108,zurich
K332D11,300.0774039892825,zurich
K332D12,242.97707651086634,zurich
K332D13,300.7264066686514,zurich
K332D14,243.4117296814528,zurich
K332D15,302.6436439416493,zurich
K332D16,197.38612682345936,zurich
K332D17,182.316165525454,zurich
K332D18,319.33313486156595,zurich
K336D11,91.89044358440012,zurich
K337D11,162.14944924084548,zurich
K337D12,263.6796665674308,zurich
K337D13,129.91366478118488,zurich
K337D14,189.72313188448942,zurich
K337D15,173.20631140220303,zurich
K337D16,131.80113128907414,zurich
K337D17,190.32450133968442,zurich
K337D18,165.27537957725514,zurich
K337D19,54.72462042274486,zurich
K337D20,148.09764810955642,zurich
K339D11,143.38195891634416,zurich
K33D11,115.95117594522179,zurich
K33D12,173.00387019946413,zurich
K33D13,89.44328669246799,zurich
K33D14,178.4340577552843,zurich
K33D15,127.66299493896993,zurich
K33D16,47.66299493896993,zurich
K340D11,183.8285203929741,zurich
K340D12,264.23935695147367,zurich
K340D13,330.9854123250968,zurich
K340D14,117.76719261685025,zurich
K340D15,104.9776719261685,zurich
K340D16,42.46501935099732,zurich
K340D17,33.63501041976779,zurich
K340D18,260.95861863649895,zurich
K340D19,154.95683239059244,zurich
K341D11,257.6004763322417,zurich
K341D12,141.51830902054184,zurich
K341D13,121.21464721643346,zurich
K342D11,148.37749330157786,zurich
K342D12,272.73593331348616,zurich
K348D11,80.25007442691278,zurich
K348D12,156.6656743078297,zurich
K348D13,88.01428996725215,zurich
K348D14,79.82732956236975,zurich
K348D15,60.47037808871688,zurich
K348D16,150.71747543911877,zurich
K34D11,201.0002977076511,zurich
K352D11,107.65108663292646,zurich
K353D11,189.41351592735933,zurich
K353D12,119.9642750818696,zurich
K354D11,167.94284013099136,zurich
K354D12,280.55373623102116,zurich
K355D11,115.18309020541828,zurich
K355D12,231.92021434950877,zurich
K355D13,305.3408752604942,zurich
K355D14,81.98273295623697,zurich
K355D15,220.48824054778208,zurich
K35D11,18.535278356653766,zurich
K35D12,14.694849657636201,zurich
K35D13,248.31199761833878,zurich
K35D14,83.17951771360524,zurich
K35D15,266.4543018755582,zurich
K35D16,547.9249776719262,zurich
K35D17,100.27984519202144,zurich
K35D18,588.663292646621,zurich
K35D19,602.0601369455195,zurich
K35D20,272.78356653766,zurich
K361D11,248.87168800238166,zurich
K361D12,222.56028579934505,zurich
K361D13,230.94373325394463,zurich
K361D14,75.02828222685324,zurich
K361D15,247.88925275379577,zurich
K361D16,240.93480202441202,zurich
K361D17,211.5272402500744,zurich
K362D11,224.44179815421256,zurich
K362D12,236.80261982732955,zurich
K362D13,171.90830604346533,zurich
K364D11,231.28907412920512,zurich
K364D12,269.8422149449241,zurich
K364D14,159.15451027091396,zurich
K364D15,63.87019946412623,zurich
K365D11,255.67133075320035,zurich
K365D12,257.9458172075022,zurich
K365D13,299.31527240250074,zurich
K365D14,227.92497767192617,zurich
K365D15,188.24650193509973,zurich
K366D11,200.95266448347724,zurich
K36D11,263.1914260196487,zurich
K36D12,263.2450133968443,zurich
K36D13,266.44239356951476,zurich
K36D14,247.81184876451326,zurich
K36D15,345.01935099732066,zurich
K36D16,205.83506996129802,zurich
K36D17,89.6457278952069,zurich
K36D18,760.9228937183685,zurich
K36D19,471.4796070259006,zurich
K36D20,390.9973206311402,zurich
K36D21,523.60821673117,zurich
K372D11,443.22715093777913,zurich
K372D12,609.1158082762727,zurich
K372D13,445.9422447156892,zurich
K372D14,612.7240250074427,zurich
K373D12,39.809467103304556,zurich
K373D13,147.93688597796964,zurich
K373D14,207.74635308127418,zurich
K373D15,130.3542721047931,zurich
K373D16,161.625483774933,zurich
K373D17,255.01637392080977,zurich
K373D18,318.61863649895804,zurich
K374D11,603.8821077701697,zurich
K374D12,175.66537660017863,zurich
K374D13,229.5028282226853,zurich
K374D15,25.918428103602263,zurich
K374D16,332.02143495087824,zurich
K374D17,118.23757070556714,zurich
K374D18,614.075617743376,zurich
K375D14,553.9505805299196,zurich
K375D15,113.82554331646324,zurich
K375D16,243.73920809764812,zurich
K375D17,531.5034236379875,zurich
K375D18,127.38910389997022,zurich
K375D19,51.283119976183386,zurich
K375D20,289.4075617743376,zurich
K376D11,180.48824054778208,zurich
K376D12,25.924382256623996,zurich
K376D13,294.86752009526646,zurich
K376D14,283.3581423042572,zurich
K376D15,263.4891336707353,zurich
K376D16,161.64334623399822,zurich
K376D17,130.36022625781482,zurich
K377D11,44.281036022625784,zurich
K377D12,43.036618041083656,zurich
K377D13,246.31735635605835,zurich
K377D14,230.6281631437928,zurich
K377D15,156.85620720452516,zurich
K377D16,231.2295325989878,zurich
K377D17,156.58231616552544,zurich
K377D18,317.9339089014588,zurich
K377D19,143.90592438225661,zurich
K377D21,39.61298005358738,zurich
K377D22,186.3828520392974,zurich
K378D11,34.26615064007145,zurich
K378D12,39.83328371539149,zurich
K37D13,522.649598094671,zurich
K37D14,531.1283119976183,zurich
K37D15,22.435248585888658,zurich
K37D16,26.835367668949093,zurich
K37D17,359.35099732063117,zurich
K37D18,499.38672223876154,zurich
K38D11,283.6915748734742,zurich
K38D12,269.81244417981543,zurich
K38D13,244.96576362012505,zurich
K39D11,143.07234295921404,zurich
K39D13,221.70288776421555,zurich
K3D11,150.6281631437928,zurich
K3D12,440.5477820779994,zurich
K3D13,442.9830306638881,zurich
K3D14,30.628163143792797,zurich
K3D15,152.70020839535576,zurich
K3D16,222.6436439416493,zurich
K3D17,448.77642155403396,zurich
K3D18,32.771658231616556,zurich
K3D19,110.79487942840132,zurich
K3D20,497.9398630544805,zurich
K3D21,144.65614766299493,zurich
K3D22,439.7439714200655,zurich
K401D11,370.46144685918426,zurich
K401D12,650.4495385531408,zurich
K401D13,628.8895504614469,zurich
K401D14,513.1884489431378,zurich
K401D15,295.6713307532004,zurich
K401D17,641.6969336111938,zurich
K401D18,412.16433462339984,zurich
K402D11,175.23072342959213,zurich
K402D12,139.2497767192617,zurich
K402D13,153.0931824947901,zurich
K402D14,286.35308127418875,zurich
K402D15,107.74039892825246,zurich
K402D16,49.67549866031557,zurich
K403D11,181.3873176540637,zurich
K403D12,83.41768383447454,zurich
K403D15,191.759452217922,zurich
K403D16,153.06341172968146,zurich
K403D17,193.1467698719857,zurich
K403D18,191.1223578445966,zurich
K403D19,160.32152426317356,zurich
K403D20,253.40875260494195,zurich
K404D11,206.26376897886274,zurich
K404D13,127.82971122357844,zurich
K404D14,168.4370348317952,zurich
K404D15,147.94284013099136,zurich
K404D16,113.84340577552842,zurich
K404D17,134.08752604941947,zurich
K405D11,86.5614766299494,zurich
K405D12,162.94730574575766,zurich
K405D13,158.13635010419767,zurich
K405D14,155.09377791009229,zurich
K405D15,291.94403096159573,zurich
K405D18,177.3206311402203,zurich
K405D19,107.7106281631438,zurich
K405D20,230.69365882703187,zurich
K405D27,375.2545400416791,zurich
K405D28,645.8707948794284,zurich
K405D29,628.8359630842513,zurich
K405D30,526.436439416493,zurich
K407D12,361.16105983923785,zurich
K407D13,637.7195593926764,zurich
K407D14,770.2173265852932,zurich
K407D15,527.1866626972313,zurich
K407D16,43.31646323310509,zurich
K409D11,199.39267639178328,zurich
K409D13,185.8886573384936,zurich
K410D11,230.87228341768383,zurich
K410D12,145.96606132777612,zurich
K412D11,114.05180113128907,zurich
K412D12,263.763024709735,zurich
K412D13,28.282226853230128,zurich
K412D14,62.77463530812742,zurich
K412D15,62.21494492408455,zurich
K412D18,267.305745757666,zurich
K414D11,212.53349211074723,zurich
K414D12,166.88895504614467,zurich
K415D11,210.9199166418577,zurich
K415D12,176.48704971717774,zurich
K417D11,65.3051503423638,zurich
K417D13,110.47335516522774,zurich
K417D14,126.32926466210182,zurich
K418D11,378.76749032450135,zurich
K418D12,342.08395355760643,zurich
K418D15,140.37511164036917,zurich
K419D11,227.25811253349212,zurich
K419D12,217.82673414706758,zurich
K419D15,226.9842214944924,zurich
K419D17,204.38821077701698,zurich
K420D11,341.51830902054184,zurich
K420D12,94.28401309913664,zurich
K420D13,117.43376004763323,zurich
K420D14,250.5924382256624,zurich
K420D15,78.44596606132778,zurich
K420D16,82.50669842214946,zurich
K420D17,93.06341172968145,zurich
K421D12,213.9684429889848,zurich
K422D14,270.03274784161954,zurich
K422D15,202.75677284906223,zurich
K422D16,118.7615361714796,zurich
K422D17,87.92497767192617,zurich
K423D13,47.799940458469784,zurich
K426D11,99.74992557308722,zurich
K426D14,176.9574278058946,zurich
K426D21,63.18547186662697,zurich
K426D25,233.11699910687705,zurich
K426D26,205.98392378684133,zurich
K426D27,135.40934802024412,zurich
K426D28,104.01309913664781,zurich
K426D29,119.76778803215242,zurich
K427D11,21.214647216433463,zurich
K427D14,36.481095564156,zurich
K427D17,184.69187258112532,zurich
K427D18,265.14438821077704,zurich
K428D18,374.08752604941947,zurich
K428D19,355.7308722834177,zurich
K429D11,223.01875558201846,zurich
K429D12,227.2342959214052,zurich
K429D13,373.4147067579637,zurich
K429D14,291.0449538553141,zurich
K429D16,66.03751116403691,zurich
K429D18,128.07383149746948,zurich
K429D29,297.71360523965467,zurich
K429D30,281.4051801131289,zurich
K434D11,144.74545995832094,zurich
K434D13,30.360226257814826,zurich
K434D14,96.54063709437332,zurich
K434D16,83.21524263173563,zurich
K435D11,169.41351592735933,zurich
K435D12,26.33521881512355,zurich
K435D13,91.08067877344448,zurich
K435D14,133.67073533789818,zurich
K435D15,45.88270318547187,zurich
K435D16,123.29264662101816,zurich
K436D11,79.67252158380471,zurich
K436D12,131.93212265555223,zurich
K436D13,155.08782375707057,zurich
K436D14,322.6793688597797,zurich
K436D15,140.779994045847,zurich
K436D16,194.76034534087526,zurich
K436D17,180.89907710628162,zurich
K437D11,266.8949091991664,zurich
K437D12,155.57606430485262,zurich
K437D13,199.30336409645727,zurich
K437D14,377.27299791604645,zurich
K437D15,203.6498958023221,zurich
K437D17,332.46204227448646,zurich
K437D20,174.30187555820186,zurich
K437D21,330.65793390890144,zurich
K437D22,232.62280440607324,zurich
K439D11,132.77165823161656,zurich
K439D13,61.399225960107174,zurich
K439D14,125.80529919618934,zurich
K440D12,387.0735337898184,zurich
K440D13,167.06162548377495,zurich
K440D15,226.18636498958023,zurich
K440D16,321.7802917534981,zurich
K441D11,247.1985710032748,zurich
K441D12,209.02649598094672,zurich
K441D13,116.33224173861268,zurich
K441D14,140.24412027389104,zurich
K444D11,229.443286692468,zurich
K444D12,167.728490622209,zurich
K445D12,175.7725513545698,zurich
K445D14,189.79458172075022,zurich
K445D15,65.29919618934207,zurich
K445D16,55.59988091693957,zurich
K446D14,196.993152724025,zurich
K447D11,203.5724918130396,zurich
K447D13,110.33045549270616,zurich
K447D14,202.226853230128,zurich
K447D15,118.02322119678476,zurich
K448D11,256.8085739803513,zurich
K448D12,74.39714200654957,zurich
K448D13,68.12146472164335,zurich
K448D14,81.57189639773742,zurich
K448D15,125.2515629651682,zurich
K448D16,92.15242631735636,zurich
K448D17,20.273891038999704,zurich
K455D11,217.57070556713307,zurich
K455D12,211.9618934206609,zurich
K455D13,114.81988687109259,zurich
K455D15,88.00238166120869,zurich
K455D16,65.48972908603751,zurich
K456D11,256.48704971717774,zurich
K456D12,187.2759749925573,zurich
K456D13,270.58648407264064,zurich
K456D14,251.16999106877046,zurich
K457D10,51.26525751711819,zurich
K457D14,116.04048824054779,zurich
K457D15,138.24352485858887,zurich
K457D16,280.53587377195595,zurich
K457D18,33.48615659422447,zurich
K457D19,231.87853527835665,zurich
K457D20,153.93271807085443,zurich
K457D9,322.9711223578446,zurich
K458D11,229.61595713009825,zurich
K458D12,19.976183387913068,zurich
K458D13,45.43018755582018,zurich
K458D14,261.72075022328073,zurich
K458D15,19.136647811848764,zurich
K459D11,258.0708544209586,zurich
K459D12,24.43584400119083,zurich
K459D13,116.01667162846086,zurich
K459D14,203.9356951473653,zurich
K459D15,37.719559392676395,zurich
K459D16,126.46025602857993,zurich
K461D12,99.1068770467401,zurich
K464D10,18.618636498958022,zurich
K464D11,2.8044060732360823,zurich
K464D15,42.61982732956237,zurich
K464D17,90.62220899077106,zurich
K464D18,76.39773742185174,zurich
K464D5,189.353974397142,zurich
K464D6,144.01905328966956,zurich
K464D7,124.61446859184281,zurich
K464D8,66.09109854123251,zurich
K467D11,362.316165525454,zurich
K467D12,309.19916641857697,zurich
K467D13,340.52396546591245,zurich
K467D14,307.8535278356654,zurich
K467D15,312.29532598987794,zurich
K471D11,175.15927359333133,zurich
K471D12,289.40160762131586,zurich
K471D13,102.22685323012801,zurich
K472D11,64.59660613277761,zurich
K472D14,259.97618338791307,zurich
K472D15,50.11610598392379,zurich
K472D17,110.78297112235785,zurich
K472D27,290.87228341768383,zurich
K472D28,192.87883298600775,zurich
K472D29,184.65614766299493,zurich
K472D30,355.18904435844,zurich
K473D11,422.6198273295624,zurich
K473D12,396.05835069961296,zurich
K474D12,283.2092884787139,zurich
K475D11,285.3408752604942,zurich
K475D12,114.0577552843108,zurich
K475D14,266.11491515331943,zurich
K475D15,129.6040488240548,zurich
K475D16,176.76094075617743,zurich
K476D22,228.06787734444777,zurich
K476D23,266.93658827031857,zurich
K476D24,86.90681750520989,zurich
K477D12,251.08663292646622,zurich
K478D11,153.71836856207204,zurich
K478D12,109.51473652872879,zurich
K478D13,45.50163739208098,zurich
K478D14,94.34950878237571,zurich
K478D15,167.57963679666568,zurich
K478D16,230.44358440011908,zurich
K478D17,157.96963381958918,zurich
K480D10,154.3316463233105,zurich
K480D11,167.41292051205716,zurich
K480D15,60.85144388210777,zurich
K480D20,113.23012801428997,zurich
K480D8,133.90294730574576,zurich
K480D9,149.65763620125037,zurich
K485D12,253.90294730574576,zurich
K485D13,6.073236082167312,zurich
K485D14,207.21047930931826,zurich
K485D15,253.90294730574576,zurich
K485D16,74.30782971122358,zurich
K486D11,65.7993450431676,zurich
K486D12,50.61625483774933,zurich
K486D15,189.4611491515332,zurich
K486D16,75.51056862161357,zurich
K486D17,30.223280738314976,zurich
K486D18,178.6126823459363,zurich
K486D20,268.4965763620125,zurich
K486D21,276.12384638285204,zurich
K488D14,150.75915451027092,zurich
K488D15,30.19350997320631,zurich
K489D13,163.58440011908306,zurich
K489D14,21.86364989580232,zurich
K501D11,178.8151235486752,zurich
K501D12,144.49538553140815,zurich
K501D13,131.670139922596,zurich
K501D15,169.55046144685917,zurich
K501D16,324.7752307234296,zurich
K501D17,134.9866031557011,zurich
K501D18,90.61625483774932,zurich
K502D11,57.6481095564156,zurich
K502D12,299.47008038106577,zurich
K502D13,439.4938969931527,zurich
K502D14,147.64513247990473,zurich
K502D15,116.87406966359035,zurich
K502D16,164.85858886573385,zurich
K502D17,171.76540637094374,zurich
K503D11,356.2429294432867,zurich
K503D12,320.2203036618041,zurich
K504D11,371.18785352783567,zurich
K504D12,284.00119083060434,zurich
K504D13,294.587674903245,zurich
K504D14,196.48704971717774,zurich
K504D15,209.61595713009825,zurich
K504D16,343.72134563858293,zurich
K504D17,371.4081571896398,zurich
K504D18,285.3944626376898,zurich
K505D11,104.87645132479905,zurich
K505D12,166.04346531705866,zurich
K505D13,21.095564155998808,zurich
K506D11,170.2470973504019,zurich
K506D13,109.6100029770765,zurich
K506D14,81.32777612384638,zurich
K507D11,104.63828520392974,zurich
K507D12,162.3876153617148,zurich
K507D13,202.08395355760643,zurich
K507D14,249.4254242334028,zurich
K507D15,123.76302470973503,zurich
K507D16,107.33551652277464,zurich
K508D11,272.1941053885085,zurich
K508D12,281.25037213456386,zurich
K508D13,268.33581423042574,zurich
K508D14,227.65108663292648,zurich
K508D15,251.22357844596607,zurich
K51D11,337.59452217922,zurich
K51D12,524.1679071152129,zurich
K52D15,332.6823459362906,zurich
K52D16,28.883596308425126,zurich
K52D17,402.048228639476,zurich
K52D19,417.1003274784162,zurich
K52D20,475.86781780291756,zurich
K52D21,591.5451027091397,zurich
K53D11,360.8573980351295,zurich
K53D12,344.28103602262576,zurich
K53D15,235.10568621613575,zurich
K53D16,140.4941947008038,zurich
K540D11,276.481095564156,zurich
K540D12,160.7502232807383,zurich
K540D13,122.50669842214946,zurich
K540D14,389.1396248883596,zurich
K540D15,225.58499553438523,zurich
K541D11,217.95177136052396,zurich
K541D12,118.29115808276272,zurich
K541D13,215.99880916939566,zurich
K541D14,75.67728490622208,zurich
K541D15,247.07353378981838,zurich
K541D16,267.86543614170887,zurich
K541D17,217.38017267043762,zurich
K56D11,158.52932420363203,zurich
K57D11,306.06132777612385,zurich
K581D11,178.99374813932718,zurich
K581D12,192.43227150937778,zurich
K582D11,99.3450431676094,zurich
K582D12,167.55582018457875,zurich
K58D11,99.69038404286991,zurich
K58D12,119.30336409645727,zurich
K58D13,356.4989580232212,zurich
K59D11,201.85174158975886,zurich
K59D12,202.59601071747545,zurich
K59D13,263.6915748734742,zurich
K59D14,171.6641857695743,zurich
K59D15,444.3286692467996,zurich
K59D16,274.36141708841916,zurich
K601D13,45.25751711818994,zurich
K601D14,39.809467103304556,zurich
K601D15,263.5367668949092,zurich
K601D16,308.9133670735338,zurich
K601D17,32.378684132182194,zurich
K602D11,379.5117594522179,zurich
K602D13,53.68264364394165,zurich
K602D14,215.55224769276572,zurich
K602D15,174.05775528431082,zurich
K605D11,382.7686811551057,zurich
K605D12,384.7752307234296,zurich
K605D13,371.6165525454004,zurich
K605D14,375.4629353974397,zurich
K607D11,276.8681155105686,zurich
K607D12,254.59958320928848,zurich
K607D13,355.9333134861566,zurich
K607D14,378.27329562369755,zurich
K607D16,234.8972908603751,zurich
K607D17,70.77106281631438,zurich
K610D11,52.753795772551356,zurich
K610D12,202.60196487049717,zurich
K610D13,161.35754688895506,zurich
K611D11,104.60851443882108,zurich
K611D12,104.31676094075618,zurich
K611D14,83.78684132182197,zurich
K611D15,157.42780589461148,zurich
K611D16,130.97945817207503,zurich
K612D11,96.35010419767788,zurich
K612D12,170.25305150342365,zurich
K612D13,101.36945519499851,zurich
K612D14,38.22566239952367,zurich
K619D11,172.47395058052993,zurich
K619D12,113.60523965465913,zurich
K621D13,319.11878535278356,zurich
K621D14,236.60017862459065,zurich
K621D15,155.48675200952664,zurich
K621D16,412.51562965168205,zurich
K623D11,146.81155105686216,zurich
K623D12,170.18160166716285,zurich
K62D11,98.79726108961,zurich
K62D12,17.02292348913367,zurich
K62D13,130.28877642155405,zurich
K631D11,470.9258707948794,zurich
K631D12,459.84519202143497,zurich
K631D14,463.71539148556116,zurich
K631D15,465.58499553438526,zurich
K632D11,506.5912473950581,zurich
K632D12,489.41351592735936,zurich
K634D11,384.8347722536469,zurich
K634D13,374.56385829115806,zurich
K634D14,311.37838642453113,zurich
K634D15,305.20392974099434,zurich
K635D11,255.01041976778802,zurich
K635D12,326.5912473950581,zurich
K636D11,224.09050312593033,zurich
K636D12,156.0226257814826,zurich
K638D11,349.1396248883596,zurich
K638D12,243.3760047633224,zurich
K638D13,107.46055373623102,zurich
K638D14,188.60375111640369,zurich
K642D11,255.93926763917833,zurich
K642D14,47.3831497469485,zurich
K642D15,289.05031259303365,zurich
K642D17,137.71360523965467,zurich
K642D18,48.75855909496874,zurich
K64D11,411.336707353379,zurich
K64D12,427.04376302470973,zurich
K64D13,100.12503721345638,zurich
K64D14,47.710628163143795,zurich
K64D15,37.642155403393865,zurich
K650D11,164.1381363501042,zurich
K650D12,159.44030961595712,zurich
K650D13,159.10092289371838,zurich
K650D14,131.37243227150938,zurich
K650D15,268.1869604048824,zurich
K650D16,136.78475736826437,zurich
K650D17,144.20363203334327,zurich
K651D11,259.89282524560883,zurich
K651D12,297.8088716880024,zurich
K651D13,46.74010122060137,zurich
K651D15,42.44120273891039,zurich
K652D11,279.642750818696,zurich
K652D12,182.34593629056266,zurich
K652D17,110.20541827924977,zurich
K652D18,251.72968145281334,zurich
K653D11,90.9020541827925,zurich
K653D12,186.7103304554927,zurich
K653D13,207.43078297112237,zurich
K653D14,163.56058350699612,zurich
K653D15,271.9797558797261,zurich
K653D16,80.83358142304257,zurich
K653D17,214.3852337005061,zurich
K656D11,304.5251562965168,zurich
K659D11,27.133075320035726,zurich
K659D12,140.3453408752605,zurich
K659D13,158.11253349211074,zurich
K659D14,27.686811551056863,zurich
K659D15,28.615659422447155,zurich
K659D16,24.203632033343258,zurich
K659D18,41.893420660910984,zurich
K661D11,154.90919916641857,zurich
K661D12,128.91336707353378,zurich
K661D15,126.69842214944924,zurich
K661D18,118.42810360226258,zurich
K663D13,144.6085144388211,zurich
K663D14,465.0908008335814,zurich
K663D17,104.06668651384341,zurich
K663D18,333.42661506400714,zurich
K663D19,337.13009824352486,zurich
K666D11,251.92616850253052,zurich
K666D15,302.39356951473655,zurich
K668D11,273.53378981839836,zurich
K668D12,315.0044656147663,zurich
K669D12,173.14081571896398,zurich
K669D13,228.13337302768682,zurich
K669D14,91.58678178029176,zurich
K669D15,318.7436737124144,zurich
K669D16,173.39089014587674,zurich
K66D11,312.3310509080083,zurich
K66D12,307.4426912771658,zurich
K66D13,69.19916641857695,zurich
K677D11,272.42631735635604,zurich
K677D12,272.1762429294433,zurich
K679D11,290.72938374516224,zurich
K679D12,262.47097350401907,zurich
K679D13,290.58648407264064,zurich
K679D14,290.4793093182495,zurich
K67D11,281.2980053587377,zurich
K67D12,281.5004465614766,zurich
K67D13,46.85918428103602,zurich
K67D14,47.12116701399226,zurich
K67D15,389.7350401905329,zurich
K67D16,336.9574278058946,zurich
K67D17,114.9330157785055,zurich
K67D18,151.28907412920512,zurich
K67D19,150.05656445370647,zurich
K67D20,111.76540637094374,zurich
K67D21,370.09228937183684,zurich
K67D22,473.98630544805,zurich
K680D12,288.6037511164037,zurich
K70D11,133.06341172968146,zurich
K70D12,175.71896397737422,zurich
K70D13,182.17922000595416,zurich
K70D14,217.8862756772849,zurich
K71D11,207.35337898183982,zurich
K71D12,305.91842810360225,zurich
K71D13,206.11491515331943,zurich
K7D11,262.95921405180115,zurich
K8D11,240.61327776123846,zurich
K8D12,250.34236379874963,zurich
K8D14,300.8395355760643,zurich
K8D15,272.13456385829113,zurich
K8D16,73.27776123846382,zurich
K8D17,123.52485858886574,zurich
K8D18,122.19112831199762,zurich
K8D19,155.6236975290265,zurich
K8D20,458.47573682643645,zurich
